#pragma once
#include <stdint.h>
typedef struct { uint32_t cp; uint8_t w; uint8_t h; const uint32_t *rows; } bn_glyph_t;
static const uint32_t bn_g_0[12] = {0x00000000u,0x00007ffeu,0x00002040u,0x000021c6u,0x00002264u,0x0000266cu,0x00002608u,0x00002618u,0x00002fe0u,0x00003000u,0x00003000u,0x00000000u};
static const uint32_t bn_g_1[13] = {0x00000000u,0x00020000u,0x000efffeu,0x00032040u,0x000221c2u,0x00022264u,0x00022664u,0x00022608u,0x00022618u,0x00022fe0u,0x00023800u,0x00023000u,0x00000000u};
static const uint32_t bn_g_2[18] = {0x00000000u,0x00000002u,0x00000002u,0x0000007cu,0x000000c0u,0x00000080u,0x000003feu,0x00000018u,0x0000007cu,0x00000084u,0x00000080u,0x00000080u,0x000000fcu,0x00000038u,0x000000c0u,0x00000380u,0x00000100u,0x00000000u};
static const uint32_t bn_g_3[17] = {0x00000000u,0x00000004u,0x00000004u,0x000001f8u,0x00000300u,0x00000200u,0x00000ffeu,0x00000008u,0x0000023cu,0x00000744u,0x000002c0u,0x00000240u,0x0000026cu,0x00000238u,0x00000200u,0x00000600u,0x00000000u};
static const uint32_t bn_g_4[17] = {0x00000000u,0x00000004u,0x0000000cu,0x000003f8u,0x00000200u,0x00000200u,0x00001ffeu,0x00000060u,0x00000466u,0x00000664u,0x00000744u,0x000005ccu,0x00000c08u,0x00000418u,0x00000630u,0x000003c0u,0x00000000u};
static const uint32_t bn_g_5[17] = {0x00000000u,0x00000010u,0x00000010u,0x00000ff0u,0x00000800u,0x00001800u,0x00007ffeu,0x00000100u,0x00001116u,0x00001934u,0x00003d2cu,0x00003728u,0x00003058u,0x00003070u,0x000018e0u,0x00000f80u,0x00000000u};
static const uint32_t bn_g_6[13] = {0x00000000u,0x00000900u,0x00000922u,0x00000972u,0x0000099eu,0x000009e0u,0x00000918u,0x00000b04u,0x00000f38u,0x00000d60u,0x000009c0u,0x00000180u,0x00000000u};
static const uint32_t bn_g_7[12] = {0x00000000u,0x000003c0u,0x00000660u,0x00000630u,0x00000610u,0x00000612u,0x00000662u,0x00000602u,0x00000606u,0x000007fcu,0x00000600u,0x00000000u};
static const uint32_t bn_g_8[17] = {0x00000000u,0x00000020u,0x00000020u,0x000003c0u,0x00001e00u,0x00001000u,0x000013c0u,0x00001660u,0x00000e30u,0x00000610u,0x00000672u,0x00000602u,0x00000606u,0x000007fcu,0x00000600u,0x00000600u,0x00000000u};
static const uint32_t bn_g_9[12] = {0x00000000u,0x00000780u,0x00000cc0u,0x00000c26u,0x00000424u,0x0000074cu,0x00000d08u,0x00000818u,0x00000c10u,0x00000460u,0x000003c0u,0x00000000u};
static const uint32_t bn_g_10[17] = {0x00000000u,0x00000040u,0x00000040u,0x00000780u,0x00003c00u,0x00002000u,0x00002780u,0x00002cc6u,0x00001c24u,0x00000c64u,0x0000074cu,0x00000c08u,0x00000818u,0x00000c10u,0x00000460u,0x000003c0u,0x00000000u};
static const uint32_t bn_g_11[12] = {0x00000000u,0x00003ffeu,0x00000100u,0x000007c0u,0x00001930u,0x0000110cu,0x0000110cu,0x00001d30u,0x00000140u,0x00000180u,0x00000180u,0x00000000u};
static const uint32_t bn_g_12[13] = {0x00000000u,0x00000100u,0x00000722u,0x00000372u,0x0000035eu,0x00000340u,0x00000330u,0x0000030cu,0x00000330u,0x000003c0u,0x00000380u,0x00000300u,0x00000000u};
static const uint32_t bn_g_13[13] = {0x00000000u,0x00000200u,0x00000e78u,0x0000028cu,0x0000033eu,0x00000264u,0x00000220u,0x00000230u,0x00000218u,0x00000200u,0x00000200u,0x00000200u,0x00000000u};
static const uint32_t bn_g_14[12] = {0x00000000u,0x000007feu,0x0000030cu,0x00000304u,0x0000036cu,0x00000330u,0x0000030cu,0x00000318u,0x00000378u,0x00000380u,0x00000300u,0x00000000u};
static const uint32_t bn_g_15[12] = {0x00000000u,0x00000388u,0x00000258u,0x00000260u,0x000003c6u,0x00000444u,0x0000064cu,0x00000dc8u,0x00000c18u,0x00000630u,0x000003e0u,0x00000000u};
static const uint32_t bn_g_16[12] = {0x00000000u,0x000003feu,0x00000008u,0x00000018u,0x000001f8u,0x00000108u,0x00000108u,0x00000108u,0x00000188u,0x000000c8u,0x00000078u,0x00000000u};
static const uint32_t bn_g_17[13] = {0x00000000u,0x00000ffeu,0x0000000cu,0x000003fcu,0x0000068cu,0x000004ccu,0x00000478u,0x00000200u,0x000003f8u,0x000001f8u,0x00000700u,0x00000800u,0x00000000u};
static const uint32_t bn_g_18[12] = {0x00000000u,0x0000fffeu,0x00000380u,0x00000646u,0x00007824u,0x00002724u,0x000025c8u,0x00002418u,0x00002630u,0x000023e0u,0x00002000u,0x00000000u};
static const uint32_t bn_g_19[13] = {0x00000000u,0x00000800u,0x000039feu,0x00000980u,0x000009e0u,0x00000918u,0x00000904u,0x00000b1cu,0x00000d70u,0x00000d40u,0x00000980u,0x00000180u,0x00000000u};
static const uint32_t bn_g_20[12] = {0x00000000u,0x000073c0u,0x00004e60u,0x00004630u,0x00006610u,0x00005612u,0x00004e62u,0x00007e02u,0x00000606u,0x000007fcu,0x00000600u,0x00000000u};
static const uint32_t bn_g_21[17] = {0x00000000u,0x00000002u,0x00000006u,0x000000fcu,0x00000080u,0x00000080u,0x000003feu,0x00000008u,0x00000008u,0x000001c8u,0x00000108u,0x00000108u,0x00000108u,0x00000188u,0x000000c8u,0x00000078u,0x00000000u};
static const uint32_t bn_g_22[17] = {0x00000000u,0x00000010u,0x00000018u,0x00000008u,0x00000018u,0x00000010u,0x000007feu,0x00000060u,0x000000a0u,0x000001a0u,0x00000120u,0x00000130u,0x0000011cu,0x00000104u,0x0000018cu,0x000000f8u,0x00000000u};
static const uint32_t bn_g_23[12] = {0x00000000u,0x00001ffeu,0x00000060u,0x00000066u,0x00000664u,0x00000744u,0x000005ccu,0x00000c08u,0x00000418u,0x00000630u,0x000003e0u,0x00000000u};
static const uint32_t bn_g_24[12] = {0x00000000u,0x000003feu,0x00000008u,0x00000008u,0x000001c8u,0x00000108u,0x00000108u,0x00000108u,0x00000188u,0x000000c8u,0x00000078u,0x00000000u};
static const uint32_t bn_g_25[13] = {0x00000000u,0x00000080u,0x0000039cu,0x000000e2u,0x000000c2u,0x00000082u,0x0000008eu,0x00000088u,0x00000080u,0x00000080u,0x00000080u,0x00000080u,0x00000000u};
static const uint32_t bn_g_26[11] = {0x00000000u,0x00000ffeu,0x00000000u,0x000003c6u,0x00000644u,0x00000444u,0x00000408u,0x00000418u,0x00000630u,0x000003e0u,0x00000000u};
static const uint32_t bn_g_27[13] = {0x00000000u,0x00000100u,0x0000031eu,0x00000122u,0x00000122u,0x00000122u,0x0000013au,0x00000104u,0x00000118u,0x00000160u,0x000001c0u,0x00000180u,0x00000000u};
static const uint32_t bn_g_28[12] = {0x00000000u,0x000007feu,0x0000000cu,0x0000010cu,0x000003ccu,0x0000013cu,0x0000011cu,0x0000010cu,0x00000100u,0x00000100u,0x00000100u,0x00000000u};
static const uint32_t bn_g_29[12] = {0x00000000u,0x0000039cu,0x00000084u,0x000000e4u,0x000000b8u,0x00000086u,0x00000086u,0x00000098u,0x000000a0u,0x000000c0u,0x000000c0u,0x00000000u};
static const uint32_t bn_g_30[12] = {0x00000000u,0x000007feu,0x00000100u,0x00000100u,0x00000138u,0x00000144u,0x00000184u,0x0000010cu,0x00000108u,0x00000100u,0x00000100u,0x00000000u};
static const uint32_t bn_g_31[13] = {0x00000000u,0x00000400u,0x00001cf0u,0x00000588u,0x00000706u,0x0000069cu,0x00000470u,0x00000430u,0x00000410u,0x00000400u,0x00000400u,0x00000400u,0x00000000u};
static const uint32_t bn_g_32[12] = {0x00000000u,0x00007ffeu,0x0000000cu,0x00000730u,0x00001920u,0x00003118u,0x00003104u,0x0000193cu,0x00000160u,0x00000180u,0x00000100u,0x00000000u};
static const uint32_t bn_g_33[12] = {0x00000000u,0x000007feu,0x00000100u,0x000001c0u,0x00000138u,0x0000010cu,0x0000010cu,0x00000130u,0x00000140u,0x00000180u,0x00000100u,0x00000000u};
static const uint32_t bn_g_34[12] = {0x00000000u,0x00001ffeu,0x00000000u,0x00000666u,0x00000724u,0x000005e4u,0x00000c0cu,0x00000c08u,0x00000418u,0x00000630u,0x000003c0u,0x00000000u};
static const uint32_t bn_g_35[12] = {0x00000000u,0x000007feu,0x0000010cu,0x00000110u,0x00000130u,0x00000138u,0x0000014cu,0x00000184u,0x0000010cu,0x00000118u,0x00000100u,0x00000000u};
static const uint32_t bn_g_36[12] = {0x00000000u,0x000007feu,0x0000030cu,0x00000330u,0x00000320u,0x00000318u,0x00000304u,0x0000033cu,0x00000360u,0x00000380u,0x00000300u,0x00000000u};
static const uint32_t bn_g_37[12] = {0x00000000u,0x000007feu,0x00000100u,0x000001c0u,0x00000138u,0x0000010cu,0x0000010cu,0x00000130u,0x00000140u,0x00000198u,0x00000100u,0x00000000u};
static const uint32_t bn_g_38[12] = {0x00000000u,0x00001ffeu,0x00000400u,0x00000400u,0x000007f8u,0x000004c4u,0x00000444u,0x0000040cu,0x00000418u,0x00000400u,0x00000400u,0x00000000u};
static const uint32_t bn_g_39[13] = {0x00000000u,0x00000200u,0x00000eeeu,0x00000338u,0x00000210u,0x00000238u,0x000002ecu,0x00000200u,0x00000200u,0x00000200u,0x00000200u,0x00000200u,0x00000000u};
static const uint32_t bn_g_40[12] = {0x00000000u,0x000007feu,0x0000030cu,0x00000330u,0x000003e0u,0x00000398u,0x00000304u,0x0000033cu,0x00000360u,0x00000380u,0x00000300u,0x00000000u};
static const uint32_t bn_g_41[12] = {0x00000000u,0x00000ffeu,0x0000020cu,0x00000230u,0x000003a0u,0x00000260u,0x00000264u,0x00000224u,0x00000218u,0x00000200u,0x00000200u,0x00000000u};
static const uint32_t bn_g_42[13] = {0x00000000u,0x000003feu,0x00000018u,0x00000078u,0x0000008cu,0x00000084u,0x00000080u,0x000000fcu,0x0000003cu,0x00000060u,0x00000180u,0x00000300u,0x00000000u};
static const uint32_t bn_g_43[12] = {0x00000000u,0x00001ffeu,0x00000060u,0x00000066u,0x00000664u,0x00000744u,0x000005ccu,0x00000c08u,0x00000418u,0x00000630u,0x000003e0u,0x00000000u};
static const uint32_t bn_g_44[13] = {0x00000000u,0x00000010u,0x00000044u,0x00000000u,0x00000042u,0x00000000u,0x00000044u,0x00000010u,0x00000000u,0x00000000u,0x00000000u,0x00000018u,0x00000000u};
static const uint32_t bn_g_45[12] = {0x00000000u,0x000003feu,0x00000008u,0x00000008u,0x000001c8u,0x00000108u,0x00000108u,0x00000108u,0x00000188u,0x000000c8u,0x00000078u,0x00000000u};
static const uint32_t bn_g_46[13] = {0x00000000u,0x00000010u,0x00000044u,0x00000000u,0x00000042u,0x00000000u,0x00000044u,0x00000010u,0x00000000u,0x00000000u,0x00000000u,0x00000018u,0x00000000u};
static const uint32_t bn_g_47[12] = {0x00000000u,0x000007feu,0x0000030cu,0x00000330u,0x00000320u,0x00000318u,0x00000304u,0x0000033cu,0x00000360u,0x00000380u,0x00000300u,0x00000000u};
static const uint32_t bn_g_48[13] = {0x00000000u,0x00000010u,0x00000044u,0x00000000u,0x00000042u,0x00000000u,0x00000044u,0x00000010u,0x00000000u,0x00000000u,0x00000000u,0x00000018u,0x00000000u};
static const uint32_t bn_g_49[12] = {0x00000000u,0x0000003cu,0x00000046u,0x00000042u,0x0000007eu,0x00000002u,0x00000004u,0x00000018u,0x00000060u,0x00000080u,0x00000180u,0x00000000u};
static const uint32_t bn_g_50[13] = {0x00000000u,0x00001c00u,0x00003610u,0x00002244u,0x00001c00u,0x00000042u,0x00000600u,0x00000c44u,0x00001810u,0x00003000u,0x00006000u,0x00002000u,0x00000000u};
static const uint32_t bn_g_51[12] = {0x00000000u,0x00001c00u,0x00003610u,0x00002244u,0x00001c00u,0x00000042u,0x00000000u,0x00001c44u,0x00002610u,0x00003600u,0x00001c00u,0x00000000u};
static const uint32_t bn_g_52[14] = {0x00000000u,0x000001e8u,0x00000098u,0x000000f0u,0x00000000u,0x00000000u,0x00000010u,0x00000044u,0x00000000u,0x00000042u,0x00000000u,0x00000044u,0x00000010u,0x00000000u};
static const bn_glyph_t bn_glyphs[53] = {
{0x0985,16,12,bn_g_0},
{0x0986,21,13,bn_g_1},
{0x0987,11,18,bn_g_2},
{0x0988,13,17,bn_g_3},
{0x0989,14,17,bn_g_4},
{0x098a,16,17,bn_g_5},
{0x098b,13,13,bn_g_6},
{0x098f,12,12,bn_g_7},
{0x0990,14,17,bn_g_8},
{0x0993,13,12,bn_g_9},
{0x0994,15,17,bn_g_10},
{0x0995,15,12,bn_g_11},
{0x0996,12,13,bn_g_12},
{0x0997,13,13,bn_g_13},
{0x0998,12,12,bn_g_14},
{0x0999,13,12,bn_g_15},
{0x099a,11,12,bn_g_16},
{0x099b,13,13,bn_g_17},
{0x099c,17,12,bn_g_18},
{0x099d,15,13,bn_g_19},
{0x099e,16,12,bn_g_20},
{0x099f,11,17,bn_g_21},
{0x09a0,12,17,bn_g_22},
{0x09a1,14,12,bn_g_23},
{0x09a2,11,12,bn_g_24},
{0x09a3,11,13,bn_g_25},
{0x09a4,13,11,bn_g_26},
{0x09a5,11,13,bn_g_27},
{0x09a6,12,12,bn_g_28},
{0x09a7,11,12,bn_g_29},
{0x09a8,12,12,bn_g_30},
{0x09aa,14,13,bn_g_31},
{0x09ab,16,12,bn_g_32},
{0x09ac,12,12,bn_g_33},
{0x09ad,14,12,bn_g_34},
{0x09ae,12,12,bn_g_35},
{0x09af,12,12,bn_g_36},
{0x09b0,12,12,bn_g_37},
{0x09b2,14,12,bn_g_38},
{0x09b6,13,13,bn_g_39},
{0x09b7,12,12,bn_g_40},
{0x09b8,13,12,bn_g_41},
{0x09b9,11,13,bn_g_42},
{0x09a1,14,12,bn_g_43},
{0x09bc,8,13,bn_g_44},
{0x09a2,11,12,bn_g_45},
{0x09bc,8,13,bn_g_46},
{0x09af,12,12,bn_g_47},
{0x09bc,8,13,bn_g_48},
{0x09ce,10,12,bn_g_49},
{0x0982,16,13,bn_g_50},
{0x0983,15,12,bn_g_51},
{0x0981,10,14,bn_g_52},
};
#define BN_GLYPH_COUNT 53
typedef struct { const char *label; uint8_t w; uint8_t h; const uint8_t *data; } bn_phrase_t;
static const uint8_t bn_phrase_0[171] = {0x00,0x00,0x00,0x00,0x00,0x00,0x00,0x00,0x00,0x00,0x1e,0x20,0x00,0xfc,0x00,0x00,0x00,0x00,0x00,0x63,0x60,0x00,0x86,0x03,0x00,0x00,0x00,0x8e,0x80,0xc1,0x1f,0x03,0x0c,0x00,0x00,0x07,0xc6,0x00,0x01,0x90,0x01,0x08,0x00,0x00,0x04,0x86,0x00,0x00,0x10,0x01,0x00,0x00,0x00,0x04,0xc6,0xff,0xff,0xff,0xff,0xff,0xff,0x7f,0x04,0x86,0x19,0x02,0x03,0x03,0x0e,0x00,0x02,0x04,0x86,0x21,0x32,0x23,0x1b,0x19,0x80,0x0f,0x04,0x86,0x61,0x22,0x33,0x93,0xe0,0x61,0x32,0x04,0x86,0x71,0x22,0x3a,0x93,0x9c,0x18,0x22,0x04,0x86,0x99,0x62,0x2e,0x23,0x97,0x18,0x22,0x04,0x86,0x09,0x43,0x60,0x63,0x90,0x60,0x3a,0x04,0x86,0x19,0xc2,0x20,0xc3,0x98,0x80,0x02,0x04,0x86,0x31,0x82,0x31,0x83,0x8f,0x00,0x03,0x04,0x86,0x01,0x02,0x1e,0x03,0x80,0x00,0x03,0x04,0x06,0x00,0x00,0x00,0x00,0x00,0x00,0x00,0x04,0x0e,0x00,0x00,0x00,0x00,0x00,0x00,0x00,0x07,0x00,0x00,0x00,0x00,0x00,0x00,0x00,0x00,0x00};
#define BN_PHRASE_0_W 68
#define BN_PHRASE_0_H 19
static const uint8_t bn_phrase_1[840] = {0x00,0x00,0x00,0x00,0x00,0x00,0x00,0x00,0x00,0x00,0x00,0x00,0x00,0x00,0x00,0x00,0x00,0x00,0x00,0x00,0x00,0x00,0x00,0x00,0x00,0x80,0x00,0x00,0x00,0x00,0x00,0x00,0x00,0x00,0x00,0x00,0x00,0x00,0x00,0x80,0x00,0x00,0x00,0x00,0x00,0x00,0x00,0x00,0x00,0x00,0x00,0x00,0x00,0x00,0x1f,0x00,0x00,0x00,0x00,0x00,0x00,0x00,0x00,0x00,0x00,0x00,0x00,0x00,0x30,0x00,0x00,0x00,0x00,0x0c,0x00,0x08,0x00,0xc0,0x00,0x30,0x00,0x00,0x20,0x00,0xc0,0xf3,0xff,0xfb,0xbf,0x3b,0xfc,0xbf,0xff,0x6f,0xf8,0xbf,0xff,0x00,0x60,0x06,0x08,0x0c,0xe3,0x0c,0x00,0xc0,0x00,0x31,0x00,0x00,0x06,0x00,0x30,0x06,0x3e,0x8c,0x40,0x08,0x8c,0xc7,0xc0,0x31,0x18,0x0f,0x1f,0x00,0x10,0x86,0xc9,0xcc,0xe0,0x08,0x88,0xcc,0x38,0x31,0x10,0x19,0x21,0x00,0x12,0x66,0x88,0x4c,0xb0,0x0b,0x88,0xc8,0x0c,0x31,0x10,0x11,0x20,0x00,0x62,0x66,0x88,0x4c,0x00,0x08,0x10,0xc8,0x0c,0x31,0x20,0x10,0x20,0x00,0x02,0x86,0xe9,0x4c,0x00,0x08,0x30,0xc8,0x30,0x31,0x60,0x10,0x3f,0x00,0x06,0x06,0x0a,0x4c,0x00,0x08,0x60,0xcc,0x40,0x31,0xc0,0x18,0x0e,0x00,0xfc,0x07,0x0c,0xcc,0x00,0x08,0xc0,0xc7,0x98,0x31,0x80,0x0f,0x30,0x00,0x00,0x06,0x0c,0x8c,0x07,0x08,0x00,0xc0,0x00,0x31,0x00,0x04,0xe0,0x00,0x00,0x00,0x00,0x00,0x00,0x00,0x00,0x00,0x00,0x00,0x00,0x04,0x40,0x00,0x00,0x00,0x00,0x00,0x00,0x00,0x00,0x00,0x00,0x00,0x80,0x07,0x00,0x00,0x00,0x00,0x00,0x00,0x00,0x00,0x00,0x00,0x00,0x00,0xc0,0x1c,0x00,0x00,0x00,0x00,0x00,0x00,0x00,0x00,0x00,0x00,0x00,0x00,0x40,0x36,0x00,0x00,0x00,0x00,0x00,0x00,0x00,0x00,0x00,0x00,0x00,0x00,0x80,0x23,0x00,0x00,0x00,0x00,0x00,0x00,0x00,0x00,0x00,0x00,0x00,0x00,0x00,0x00,0x00,0x00,0x00,0x00,0x00,0x00,0x00,0x00,0x00,0x00,0x00,0x00,0x00,0x00,0x00,0x00,0x00,0x00,0x00,0x00,0x00,0x00,0x00,0x00,0x00,0x00,0x00,0x00,0x00,0x00,0x00,0x00,0x00,0x00,0x00,0x00,0x00,0x00,0x00,0x00,0x00,0x00,0x00,0x00,0x00,0x00,0x00,0x00,0x00,0x00,0x00,0x0f,0x00,0x00,0x00,0x00,0x00,0x00,0x00,0x00,0x00,0x00,0x00,0x00,0x80,0x31,0x00,0x00,0x00,0x00,0x00,0x00,0x00,0x00,0x00,0x00,0x00,0x00,0x40,0xc0,0x00,0x00,0x00,0x00,0x00,0x00,0x00,0x00,0x00,0x00,0x00,0x00,0x60,0x80,0x00,0x00,0x00,0x00,0x00,0x00,0x00,0x00,0x00,0x00,0x03,0x00,0x40,0x00,0x00,0x00,0x00,0x00,0x00,0x00,0x00,0xf0,0xfc,0xff,0x06,0x70,0xe2,0xff,0xff,0x3f,0xc0,0xff,0x01,0x00,0x00,0x98,0x01,0x02,0x03,0xcc,0xc5,0x00,0x31,0x08,0x60,0x40,0x00,0x00,0x00,0x8c,0x81,0x0f,0x83,0xbd,0xc5,0x00,0xc1,0x08,0x10,0x40,0x00,0x00,0x00,0x84,0x61,0x32,0x03,0x21,0xc4,0x38,0x81,0x0e,0x18,0x4e,0x00,0x00,0x80,0x84,0x19,0x22,0x03,0x21,0xc3,0x44,0x81,0x09,0x08,0x51,0x00,0x00,0x80,0x98,0x19,0x22,0x03,0x1a,0xc5,0x84,0x91,0x09,0x08,0x61,0x00,0x00,0x80,0x80,0x61,0x3a,0x03,0x06,0xc4,0x0c,0x91,0x08,0x08,0x43,0x00,0x00,0x80,0x81,0x81,0x02,0x03,0x0c,0xc4,0x08,0x61,0x08,0x08,0x42,0x00,0x00,0x00,0xff,0x01,0x03,0x03,0x18,0xc6,0x00,0x01,0x08,0x18,0x40,0x00,0x00,0x00,0x80,0x01,0x03,0x03,0xe0,0xc3,0x00,0x01,0x08,0xf0,0x40,0x00,0x00,0x00,0x00,0x00,0x00,0x00,0x00,0x00,0x00,0x00,0x00,0x00,0x00,0x00,0x00,0x00,0x00,0x00,0x00,0x00,0x00,0x00,0x00,0x00,0x00,0x00,0x00,0x00,0x00,0x00,0x00,0x00,0x00,0x00,0x00,0x00,0x00,0x00,0x00,0x00,0x00,0x00,0x00,0x00,0x00,0x00,0x00,0x00,0x00,0x00,0x00,0x00,0x00,0x00,0x00,0x00,0x00,0x00,0x00,0x00,0x00,0x00,0x00,0x00,0x00,0x1e,0x00,0x00,0x00,0x00,0x00,0x00,0x00,0x00,0x00,0x00,0x00,0x00,0x00,0x63,0x00,0x00,0x00,0x00,0x00,0x00,0x00,0x00,0x00,0x00,0x00,0x00,0x80,0x80,0x01,0x00,0x00,0x00,0x00,0x00,0x00,0x00,0x00,0x00,0x00,0x00,0xc0,0x00,0x01,0x00,0x00,0x00,0x00,0x00,0x00,0x00,0x00,0x00,0x00,0x00,0x80,0x00,0x00,0x00,0x00,0x00,0x00,0x00,0x00,0x80,0x93,0xff,0xff,0xff,0xc1,0xff,0xff,0x7f,0x00,0x00,0x00,0x00,0x00,0x60,0x2e,0x40,0x30,0x00,0x80,0x19,0x60,0x10,0x00,0x00,0x00,0x00,0x00,0xec,0x2d,0x40,0xc8,0x78,0x80,0x19,0x82,0x11,0x00,0x00,0x00,0x00,0x00,0x08,0x21,0x4e,0x8c,0xc8,0x80,0x99,0x07,0x1d,0x00,0x00,0x00,0x00,0x00,0x08,0x19,0x51,0x84,0x88,0x80,0x79,0x02,0x13,0x00,0x00,0x00,0x00,0x00,0xd0,0x28,0x61,0x04,0x81,0x80,0x39,0x22,0x13,0x00,0x00,0x00,0x00,0x00,0x30,0x20,0x43,0x04,0x83,0x80,0x19,0x22,0x11,0x00,0x00,0x00,0x00,0x00,0x60,0x20,0x42,0x04,0xc6,0x80,0x01,0xc2,0x10,0x00,0x00,0x00,0x00,0x00,0xc0,0x30,0x40,0x0c,0x7c,0x80,0x01,0x02,0x10,0x00,0x00,0x00,0x00,0x00,0x00,0x1f,0x40,0x78,0x00,0x80,0x01,0x02,0x10,0x00,0x00,0x00,0x00,0x00,0x00,0x00,0x00,0x00,0x00,0x00,0x00,0x00,0x00,0x00,0x00,0x00};
#define BN_PHRASE_1_W 105
#define BN_PHRASE_1_H 60
static const uint8_t bn_phrase_2[840] = {0x00,0x00,0x00,0x00,0x00,0x00,0x00,0x00,0x00,0x00,0x00,0x00,0x00,0x00,0x00,0x00,0x02,0x00,0x1e,0x00,0x00,0x00,0x00,0x00,0x00,0x00,0x00,0x00,0x00,0x00,0x02,0x00,0x63,0x00,0x00,0x00,0x00,0x00,0x00,0x00,0x00,0x00,0x00,0x00,0x7c,0x80,0x80,0x01,0x00,0x00,0x00,0x00,0x00,0x00,0x00,0x00,0x00,0x00,0xc0,0xc0,0x00,0x01,0x00,0x00,0x00,0x00,0x00,0x00,0x00,0x00,0x00,0x00,0x80,0x80,0x00,0x00,0x00,0x00,0x00,0x80,0x01,0x00,0x00,0x00,0xc0,0xff,0xff,0xc3,0xff,0xff,0xff,0x03,0xfc,0x7f,0xff,0xff,0x03,0x00,0x00,0x00,0x18,0x80,0x01,0x02,0x03,0x00,0x66,0x88,0x61,0x80,0x00,0x00,0xc0,0x78,0x7c,0x80,0x81,0x0f,0xff,0x00,0x81,0x88,0x11,0xe0,0x00,0x00,0x80,0xc8,0x84,0x80,0x61,0x32,0xa3,0x81,0x81,0x89,0x19,0x9c,0x00,0x00,0x80,0x88,0x80,0x80,0x19,0x22,0x33,0x81,0xc0,0x89,0x09,0x86,0x00,0x00,0x00,0x81,0x80,0x80,0x19,0x22,0x1e,0x81,0x60,0x8a,0x09,0x86,0x00,0x00,0x00,0x83,0xfc,0x80,0x61,0x3a,0x80,0x80,0x20,0x8c,0x09,0x98,0x00,0x00,0x00,0xc6,0x38,0x80,0x81,0x02,0xfe,0x80,0x60,0x88,0x09,0xa0,0x00,0x00,0x00,0x7c,0xc0,0x80,0x01,0x03,0x7e,0x80,0xc1,0x88,0x19,0xcc,0x00,0x00,0x00,0x20,0x80,0x83,0x01,0x03,0xc0,0x01,0x0f,0x88,0xf1,0x80,0x00,0x00,0x00,0x20,0x00,0x01,0x00,0x00,0x40,0x02,0x00,0x00,0x00,0x00,0x00,0x00,0x00,0x3c,0x00,0x00,0x00,0x00,0x78,0x00,0x00,0x00,0x00,0x00,0x00,0x00,0x00,0xe6,0x00,0x00,0x00,0x00,0xcc,0x01,0x00,0x00,0x00,0x00,0x00,0x00,0x00,0xb2,0x01,0x00,0x00,0x00,0x44,0x03,0x00,0x00,0x00,0x00,0x00,0x00,0x00,0x1c,0x01,0x00,0x00,0x00,0x38,0x02,0x00,0x00,0x00,0x00,0x00,0x00,0x00,0x00,0x00,0x00,0x00,0x00,0x00,0x00,0x00,0x00,0x00,0x00,0x00,0x00,0x00,0x00,0x00,0x00,0x00,0x00,0x00,0x00,0x00,0x00,0x00,0x00,0x00,0x00,0x00,0x00,0x00,0x00,0x00,0x00,0x00,0x00,0x00,0x00,0x00,0x00,0x00,0x00,0x00,0x00,0x00,0x00,0x00,0x00,0x00,0x00,0x00,0x00,0x00,0x00,0x00,0x00,0x00,0x00,0x00,0x00,0x00,0x00,0x00,0x00,0x00,0x00,0x00,0x80,0x00,0x00,0x00,0x00,0x00,0x00,0x00,0x00,0x00,0x00,0x00,0x00,0x00,0x80,0x00,0x00,0x00,0x00,0x00,0x00,0x00,0x00,0x00,0x00,0x00,0x00,0x00,0x00,0x1f,0x00,0x00,0x00,0x00,0x00,0x00,0x00,0x00,0x00,0x00,0x00,0x00,0x00,0x30,0x00,0x00,0x00,0x00,0x0c,0x00,0x08,0x00,0xc0,0x00,0x30,0x00,0x00,0x20,0x00,0xc0,0xf3,0xff,0xfb,0xbf,0x3b,0xfc,0xbf,0xff,0x6f,0xf8,0xbf,0xff,0x00,0x60,0x06,0x08,0x0c,0xe3,0x0c,0x00,0xc0,0x00,0x31,0x00,0x00,0x06,0x00,0x30,0x06,0x3e,0x8c,0x40,0x08,0x8c,0xc7,0xc0,0x31,0x18,0x0f,0x1f,0x00,0x10,0x86,0xc9,0xcc,0xe0,0x08,0x88,0xcc,0x38,0x31,0x10,0x19,0x21,0x00,0x12,0x66,0x88,0x4c,0xb0,0x0b,0x88,0xc8,0x0c,0x31,0x10,0x11,0x20,0x00,0x62,0x66,0x88,0x4c,0x00,0x08,0x10,0xc8,0x0c,0x31,0x20,0x10,0x20,0x00,0x02,0x86,0xe9,0x4c,0x00,0x08,0x30,0xc8,0x30,0x31,0x60,0x10,0x3f,0x00,0x06,0x06,0x0a,0x4c,0x00,0x08,0x60,0xcc,0x40,0x31,0xc0,0x18,0x0e,0x00,0xfc,0x07,0x0c,0xcc,0x00,0x08,0xc0,0xc7,0x98,0x31,0x80,0x0f,0x30,0x00,0x00,0x06,0x0c,0x8c,0x07,0x08,0x00,0xc0,0x00,0x31,0x00,0x04,0xe0,0x00,0x00,0x00,0x00,0x00,0x00,0x00,0x00,0x00,0x00,0x00,0x00,0x04,0x40,0x00,0x00,0x00,0x00,0x00,0x00,0x00,0x00,0x00,0x00,0x00,0x80,0x07,0x00,0x00,0x00,0x00,0x00,0x00,0x00,0x00,0x00,0x00,0x00,0x00,0xc0,0x1c,0x00,0x00,0x00,0x00,0x00,0x00,0x00,0x00,0x00,0x00,0x00,0x00,0x40,0x36,0x00,0x00,0x00,0x00,0x00,0x00,0x00,0x00,0x00,0x00,0x00,0x00,0x80,0x23,0x00,0x00,0x00,0x00,0x00,0x00,0x00,0x00,0x00,0x00,0x00,0x00,0x00,0x00,0x00,0x00,0x00,0x00,0x00,0x00,0x00,0x00,0x00,0x00,0x00,0x00,0x00,0x00,0x00,0x00,0x00,0x00,0x00,0x00,0x00,0x00,0x00,0x00,0x00,0x00,0x00,0x00,0x00,0x00,0x00,0x00,0x00,0x00,0x00,0x00,0x00,0x00,0x00,0x00,0x00,0x00,0x00,0x00,0x00,0x00,0x00,0x00,0x00,0x00,0x00,0x00,0x3c,0x00,0x00,0x00,0x00,0x00,0x00,0x00,0x00,0x00,0x00,0x00,0x00,0x00,0xc6,0x00,0x00,0x00,0x00,0x00,0x00,0x00,0x00,0x00,0x00,0x00,0x00,0x00,0x01,0x03,0x00,0x00,0x00,0x00,0x00,0x00,0x00,0x00,0x00,0x00,0x00,0x80,0x01,0x02,0x00,0x00,0x00,0x00,0x00,0x00,0x00,0x00,0x00,0x0c,0x00,0x00,0x01,0x00,0x00,0x00,0x00,0x00,0x00,0x00,0xc0,0xf3,0xff,0x1b,0xc0,0x89,0xff,0xff,0xff,0x00,0x00,0x00,0x00,0x00,0x60,0x06,0x08,0x0c,0x30,0x17,0x03,0xc4,0x20,0x00,0x00,0x00,0x00,0x00,0x30,0x06,0x3e,0x0c,0xf6,0x16,0x03,0x04,0x23,0x00,0x00,0x00,0x00,0x00,0x10,0x86,0xc9,0x0c,0x84,0x10,0xe3,0x04,0x3a,0x00,0x00,0x00,0x00,0x00,0x12,0x66,0x88,0x0c,0x84,0x0c,0x13,0x05,0x26,0x00,0x00,0x00,0x00,0x00,0x62,0x66,0x88,0x0c,0x68,0x14,0x13,0x46,0x26,0x00,0x00,0x00};
#define BN_PHRASE_2_W 105
#define BN_PHRASE_2_H 60
static const uint8_t bn_phrase_3[900] = {0x00,0x00,0x00,0x00,0x00,0x00,0x00,0x00,0x00,0x00,0x00,0x00,0x00,0x00,0x00,0x00,0x00,0x00,0x00,0x00,0x00,0x00,0x00,0x3c,0x00,0x00,0x00,0x80,0x00,0x00,0x00,0x00,0x00,0x00,0x00,0x00,0x00,0x00,0xc6,0x00,0x00,0x00,0x80,0x00,0x00,0x00,0x00,0x00,0x00,0x00,0x00,0x00,0x00,0x01,0x03,0x00,0x00,0x00,0x1f,0x00,0x00,0x00,0x00,0x00,0x00,0x00,0x00,0x80,0x01,0x02,0x00,0x00,0x00,0x30,0x00,0x00,0x00,0x00,0x00,0x00,0x00,0x00,0x00,0x01,0x00,0x00,0x00,0x00,0x20,0x00,0xf0,0xff,0x00,0x27,0xfe,0xff,0xff,0x87,0xff,0xff,0xff,0xf0,0xff,0xff,0x00,0x18,0x20,0xc0,0x5c,0x00,0x61,0x00,0x00,0x33,0xc0,0x20,0x00,0x00,0x06,0x00,0x04,0x20,0xd8,0x5b,0x00,0x11,0xe3,0x01,0x33,0x04,0x23,0x30,0x1e,0x1f,0x00,0x06,0x27,0x10,0x42,0x38,0x19,0x22,0x03,0x33,0x0f,0x3a,0x20,0x32,0x21,0x00,0x82,0x28,0x10,0x32,0x44,0x09,0x22,0x02,0xf3,0x04,0x26,0x20,0x22,0x20,0x00,0x82,0x30,0xa0,0x51,0x84,0x09,0x04,0x02,0x73,0x44,0x26,0x40,0x20,0x20,0x00,0x82,0x21,0x60,0x40,0x0c,0x09,0x0c,0x02,0x33,0x44,0x22,0xc0,0x20,0x3f,0x00,0x02,0x21,0xc0,0x40,0x08,0x09,0x18,0x03,0x03,0x84,0x21,0x80,0x31,0x0e,0x00,0x06,0x20,0x80,0x61,0x00,0x19,0xf0,0x01,0x03,0x04,0x20,0x00,0x1f,0x30,0x00,0x3c,0x20,0x00,0x3e,0x00,0xf1,0x00,0x00,0x03,0x04,0x20,0x00,0x08,0xe0,0x00,0x00,0x00,0x00,0x00,0x00,0x00,0x00,0x00,0x00,0x00,0x00,0x00,0x08,0x40,0x00,0x00,0x00,0x00,0x00,0x00,0x00,0x00,0x00,0x00,0x00,0x00,0x00,0x0f,0x00,0x00,0x00,0x00,0x00,0x00,0x00,0x00,0x00,0x00,0x00,0x00,0x00,0x80,0x39,0x00,0x00,0x00,0x00,0x00,0x00,0x00,0x00,0x00,0x00,0x00,0x00,0x00,0x80,0x6c,0x00,0x00,0x00,0x00,0x00,0x00,0x00,0x00,0x00,0x00,0x00,0x00,0x00,0x00,0x47,0x00,0x00,0x00,0x00,0x00,0x00,0x00,0x00,0x00,0x00,0x00,0x00,0x00,0x00,0x00,0x00,0x00,0x00,0x00,0x00,0x00,0x00,0x00,0x00,0x00,0x00,0x00,0x00,0x00,0x00,0x00,0x00,0x00,0x00,0x00,0x00,0x00,0x00,0x00,0x00,0x00,0x00,0x00,0x00,0x00,0x00,0x00,0x00,0x00,0x00,0x00,0x00,0x00,0x00,0x00,0x00,0x00,0x00,0x00,0x00,0x00,0x00,0x00,0x3c,0x00,0x00,0x00,0x00,0x00,0x00,0x00,0x00,0x00,0x00,0x00,0x00,0x00,0x00,0xc6,0x00,0x00,0x00,0x00,0x00,0x00,0x00,0x00,0x00,0x00,0x00,0x00,0x00,0x00,0x01,0x03,0x00,0x00,0x00,0x00,0x00,0x00,0x00,0x00,0x00,0x00,0x00,0x00,0x80,0x01,0x02,0x00,0x00,0x00,0x00,0x00,0x00,0x00,0x00,0x00,0x00,0x00,0x00,0x00,0x01,0x00,0x00,0x00,0x00,0x00,0x03,0x00,0x00,0x00,0x00,0x00,0x00,0x00,0x80,0xff,0xff,0xff,0x07,0xf8,0xff,0xfe,0xff,0x07,0xf0,0xfc,0xff,0x03,0x00,0x00,0x03,0x04,0x06,0x00,0xcc,0x10,0xc3,0x00,0x01,0x98,0x61,0x80,0x00,0x00,0x00,0x03,0x1f,0xfe,0x01,0x02,0x11,0x23,0xc0,0xc1,0x84,0x11,0xe0,0x00,0x00,0x00,0xc3,0x64,0x46,0x03,0x03,0x13,0x33,0x38,0x81,0x84,0x18,0x9c,0x00,0x00,0x00,0x33,0x44,0x66,0x02,0x81,0x13,0x13,0x0c,0x81,0xe9,0x08,0x86,0x00,0x00,0x00,0x33,0x44,0x3c,0x02,0xc1,0x14,0x13,0x0c,0x01,0xa1,0x09,0x86,0x00,0x00,0x00,0xc3,0x74,0x00,0x01,0x41,0x18,0x13,0x30,0x01,0x03,0x09,0x98,0x00,0x00,0x00,0x03,0x05,0xfc,0x01,0xc1,0x10,0x13,0x40,0x01,0x82,0x09,0xa0,0x00,0x00,0x00,0x03,0x06,0xfc,0x00,0x83,0x11,0x33,0x98,0x01,0x8c,0x18,0xcc,0x00,0x00,0x00,0x03,0x06,0x80,0x03,0x1e,0x10,0xe3,0x01,0x01,0x78,0xf0,0x80,0x00,0x00,0x00,0x00,0x00,0x80,0x04,0x00,0x00,0x00,0x00,0x00,0x00,0x00,0x00,0x00,0x00,0x00,0x00,0x00,0xf0,0x00,0x00,0x00,0x00,0x00,0x00,0x00,0x00,0x00,0x00,0x00,0x00,0x00,0x00,0x98,0x03,0x00,0x00,0x00,0x00,0x00,0x00,0x00,0x00,0x00,0x00,0x00,0x00,0x00,0x88,0x06,0x00,0x00,0x00,0x00,0x00,0x00,0x00,0x00,0x00,0x00,0x00,0x00,0x00,0x70,0x04,0x00,0x00,0x00,0x00,0x00,0x00,0x00,0x00,0x00,0x00,0x00,0x00,0x00,0x00,0x00,0x00,0x00,0x00,0x00,0x00,0x00,0x00,0x00,0x00,0x00,0x00,0x00,0x00,0x00,0x00,0x00,0x00,0x00,0x00,0x00,0x00,0x00,0x00,0x00,0x00,0x00,0x00,0x00,0x00,0x00,0x00,0x00,0x00,0x00,0x00,0x00,0x00,0x00,0x00,0x00,0x00,0x00,0x00,0x00,0x00,0x00,0x00,0x00,0x00,0x00,0x00,0x00,0x00,0x00,0x00,0x00,0x00,0x00,0x00,0x00,0x00,0x00,0xc0,0x00,0x00,0x30,0x00,0x00,0x00,0x00,0x00,0x00,0x00,0xfe,0xff,0x3f,0xfc,0xbf,0xff,0xff,0x6f,0x00,0x00,0x00,0x00,0x00,0x00,0x00,0x0c,0x02,0x08,0x00,0xc0,0x30,0x00,0x31,0x00,0x00,0x00,0x00,0x00,0x00,0x00,0x30,0x02,0x0e,0xcc,0xcc,0x08,0x00,0x31,0x00,0x00,0x00,0x00,0x00,0x00,0x00,0xa0,0xc3,0x09,0x48,0xce,0x0c,0xfe,0x31,0x00,0x00,0x00,0x00,0x00,0x00,0x00,0x60,0x62,0x08,0xc8,0xcb,0x04,0x31,0x31,0x00,0x00,0x00,0x00,0x00,0x00,0x00,0x64,0x62,0x08,0x18,0xd8,0x04,0x11,0x31,0x00,0x00,0x00,0x00,0x00,0x00,0x00,0x24,0x82,0x09,0x10,0xd8,0x04,0x03,0x31,0x00,0x00,0x00,0x00,0x00,0x00,0x00,0x18,0x02,0x0a,0x30,0xc8,0x04,0x06,0x31,0x00,0x00,0x00,0x00,0x00,0x00,0x00,0x00,0x02,0x0c,0x60,0xcc,0x0c,0x00,0x31,0x00,0x00,0x00,0x00,0x00,0x00,0x00,0x00,0x02,0x08,0x80,0xc7,0x78,0x00,0x31,0x00,0x00,0x00,0x00};
#define BN_PHRASE_3_W 113
#define BN_PHRASE_3_H 60
static const uint8_t bn_phrase_4[690] = {0x00,0x00,0x00,0x00,0x00,0x00,0x00,0x00,0x00,0x00,0x00,0x00,0x00,0x00,0x00,0x00,0x10,0x00,0x00,0x00,0x00,0x00,0x00,0x00,0x78,0x00,0x00,0x00,0x00,0x00,0x00,0x10,0x00,0x00,0x00,0x00,0x00,0x00,0x00,0x8c,0x01,0x00,0x00,0x00,0x00,0x00,0xe0,0x03,0x00,0x00,0x00,0x00,0x00,0x00,0x02,0x06,0x00,0x00,0x00,0x00,0x00,0x00,0x06,0x00,0x00,0x00,0x00,0x00,0x00,0x03,0x04,0x00,0x00,0x00,0x00,0x00,0x00,0x04,0x00,0x00,0x00,0x18,0x00,0x60,0x02,0x00,0x00,0x00,0x00,0x00,0xfe,0xff,0x1f,0x80,0xe7,0xff,0x37,0xfc,0xdf,0xff,0xff,0xff,0x03,0xfc,0x3f,0x00,0xc0,0x00,0xc0,0x0c,0x10,0x18,0x00,0x62,0x66,0x10,0x83,0x00,0x06,0x08,0xc6,0xe3,0x03,0x60,0x0c,0x7c,0x18,0x80,0x63,0x86,0x11,0x8c,0x00,0x01,0x08,0x44,0x26,0x04,0x20,0x0c,0x93,0x19,0x70,0x62,0x06,0x1d,0xe8,0x80,0xc1,0x09,0x44,0x04,0x04,0x24,0xcc,0x10,0x19,0x18,0x62,0x06,0x13,0x98,0x80,0x20,0x0a,0x08,0x04,0x04,0xc4,0xcc,0x10,0x19,0x18,0x62,0x26,0x13,0x99,0x80,0x20,0x0c,0x18,0xe4,0x07,0x04,0x0c,0xd3,0x19,0x60,0x62,0x26,0x11,0x89,0x80,0x60,0x08,0x30,0xc6,0x01,0x0c,0x0c,0x14,0x18,0x80,0x62,0xc6,0x10,0x86,0x80,0x40,0x08,0xe0,0x03,0x06,0xf8,0x0f,0x18,0x18,0x00,0x63,0x06,0x10,0x80,0x80,0x01,0x08,0x00,0x01,0x1c,0x00,0x0c,0x18,0x18,0x00,0x62,0x06,0x10,0x80,0x00,0x0f,0x08,0x00,0x01,0x08,0x00,0x00,0x00,0x00,0x00,0x00,0x00,0x00,0x00,0x00,0x00,0x00,0xe0,0x01,0x00,0x00,0x00,0x00,0x00,0x00,0x00,0x00,0x00,0x00,0x00,0x00,0x00,0x30,0x07,0x00,0x00,0x00,0x00,0x00,0x00,0x00,0x00,0x00,0x00,0x00,0x00,0x00,0x90,0x0d,0x00,0x00,0x00,0x00,0x00,0x00,0x00,0x00,0x00,0x00,0x00,0x00,0x00,0xe0,0x08,0x00,0x00,0x00,0x00,0x00,0x00,0x00,0x00,0x00,0x00,0x00,0x00,0x00,0x00,0x00,0x00,0x00,0x00,0x00,0x00,0x00,0x00,0x00,0x00,0x00,0x00,0x00,0x00,0x00,0x00,0x00,0x00,0x00,0x00,0x00,0x00,0x00,0x00,0x00,0x00,0x00,0x00,0x00,0x00,0x00,0x00,0x00,0x00,0x00,0x00,0x00,0x00,0x00,0x00,0x00,0x00,0x00,0x00,0x00,0x00,0x00,0x00,0x00,0x00,0x00,0x00,0x00,0x00,0x00,0x00,0x00,0x00,0x00,0x00,0x00,0x00,0x00,0x00,0x00,0x00,0x00,0x08,0x00,0x00,0x00,0x00,0x00,0x00,0x00,0x00,0x00,0x00,0x00,0x00,0x00,0x00,0x18,0x00,0x00,0x00,0x00,0x00,0x00,0x00,0x00,0x00,0x00,0x00,0x00,0x00,0x00,0xf0,0x03,0x00,0x00,0x00,0x00,0x00,0x00,0x00,0x00,0x00,0x00,0x00,0x00,0x00,0x00,0x02,0x00,0x00,0x00,0x00,0x00,0x00,0x00,0x00,0x00,0x00,0x00,0x00,0x00,0x00,0x02,0x00,0x00,0x00,0x00,0x00,0x00,0x00,0x00,0x00,0x00,0x00,0xcf,0xff,0xff,0x0f,0x00,0x00,0x00,0x00,0x00,0x00,0x00,0x00,0x00,0x00,0x80,0x19,0x20,0x20,0x00,0x00,0x00,0x00,0x00,0x00,0x00,0x00,0x00,0x00,0x00,0xc0,0x18,0xf8,0x20,0x00,0x00,0x00,0x00,0x00,0x00,0x00,0x00,0x00,0x00,0x00,0x40,0x18,0x26,0x23,0x07,0x00,0x00,0x00,0x00,0x00,0x00,0x00,0x00,0x00,0x00,0x48,0x98,0x21,0x22,0x04,0x00,0x00,0x00,0x00,0x00,0x00,0x00,0x00,0x00,0x00,0x88,0x99,0x21,0x22,0x04,0x00,0x00,0x00,0x00,0x00,0x00,0x00,0x00,0x00,0x00,0x08,0x18,0xa6,0x23,0x04,0x00,0x00,0x00,0x00,0x00,0x00,0x00,0x00,0x00,0x00,0x18,0x18,0x28,0x20,0x06,0x00,0x00,0x00,0x00,0x00,0x00,0x00,0x00,0x00,0x00,0xf0,0x1f,0x30,0x20,0x03,0x00,0x00,0x00,0x00,0x00,0x00,0x00,0x00,0x00,0x00,0x00,0x18,0x30,0xe0,0x01,0x00,0x00,0x00,0x00,0x00,0x00,0x00,0x00,0x00,0x00,0x00,0x00,0x00,0x00,0x01,0x00,0x00,0x00,0x00,0x00,0x00,0x00,0x00,0x00,0x00,0x00,0x00,0x00,0xe0,0x01,0x00,0x00,0x00,0x00,0x00,0x00,0x00,0x00,0x00,0x00,0x00,0x00,0x00,0x30,0x07,0x00,0x00,0x00,0x00,0x00,0x00,0x00,0x00,0x00,0x00,0x00,0x00,0x00,0x90,0x0d,0x00,0x00,0x00,0x00,0x00,0x00,0x00,0x00,0x00,0x00,0x00,0x00,0x00,0xe0,0x08,0x00,0x00,0x00,0x00,0x00,0x00,0x00,0x00,0x00,0x00,0x00,0x00,0x00,0x00,0x00,0x00,0x00,0x00,0x00,0x00};
#define BN_PHRASE_4_W 119
#define BN_PHRASE_4_H 46
static const uint8_t bn_phrase_5[784] = {0x00,0x00,0x00,0x00,0x00,0x00,0x00,0x00,0x00,0x00,0x00,0x00,0x00,0x00,0x00,0x00,0x00,0x00,0x00,0x00,0x00,0x00,0x00,0x00,0x80,0x07,0x00,0x00,0x00,0x00,0x00,0x00,0x00,0x00,0x00,0x00,0x00,0x00,0xc0,0x18,0x00,0x00,0x00,0x00,0x00,0x00,0x00,0x00,0x00,0x00,0x00,0x00,0x20,0x60,0x00,0x00,0x00,0x00,0x00,0x00,0x00,0x00,0x00,0x00,0x00,0x00,0x30,0x40,0x00,0x00,0x00,0xc0,0x00,0x00,0x18,0x00,0x06,0x00,0x00,0x00,0x20,0x00,0x00,0x00,0xfe,0xbf,0xff,0xff,0xf7,0xff,0xfd,0xff,0xff,0x7f,0xf0,0xff,0xff,0x1f,0x00,0xc0,0x30,0x80,0x18,0x20,0x66,0x10,0x0c,0x00,0x60,0x06,0x18,0x04,0x66,0xc6,0x08,0x80,0x18,0x38,0x86,0x11,0x32,0x1e,0x60,0x86,0x60,0x04,0x24,0xc7,0x0c,0xff,0x18,0x27,0x06,0x1d,0x23,0x32,0x60,0xe6,0x41,0x07,0xe4,0xc5,0x84,0x98,0x98,0x21,0x06,0x13,0x21,0x22,0x60,0x9e,0xc0,0x04,0x0c,0xcc,0x84,0x88,0x98,0x21,0x26,0x13,0x41,0x20,0x60,0x8e,0xc8,0x04,0x08,0xcc,0x84,0x81,0x18,0x26,0x26,0x11,0xc1,0x20,0x60,0x86,0x48,0x04,0x18,0xc4,0x04,0x83,0x18,0x28,0xc6,0x10,0x81,0x31,0x60,0x80,0x30,0x04,0x30,0xc6,0x0c,0x80,0x18,0x30,0x06,0x10,0x03,0x1f,0x60,0x80,0x00,0x04,0xc0,0xc3,0x78,0x80,0x18,0x20,0x06,0x10,0x1e,0x00,0x60,0x80,0x00,0x04,0x00,0x00,0x00,0x00,0x00,0x00,0x00,0x00,0x00,0x00,0x00,0x00,0x00,0x00,0x00,0x00,0x00,0x00,0x00,0x00,0x00,0x00,0x00,0x00,0x00,0x00,0x00,0x00,0x00,0x00,0x00,0x00,0x00,0x00,0x00,0x00,0x00,0x00,0x00,0x00,0x00,0x00,0x00,0x00,0x00,0x00,0x00,0x00,0x00,0x00,0x00,0x00,0x00,0x00,0x00,0x00,0x00,0x00,0x30,0x00,0x00,0x00,0x00,0x00,0x00,0x00,0x03,0x00,0xc0,0x00,0x00,0xff,0x6f,0xff,0x7f,0xf8,0xff,0xff,0xf0,0xff,0xfe,0xff,0xbf,0x01,0x80,0x19,0x32,0x18,0x10,0x30,0x08,0x20,0x00,0x00,0xc3,0x00,0xc4,0x00,0x40,0x20,0x32,0x04,0x1c,0xc0,0x08,0x38,0x30,0x33,0x23,0x00,0xc4,0x00,0x60,0x60,0x32,0x86,0x13,0x80,0x0e,0x27,0x20,0x39,0x33,0xf8,0xc7,0x00,0x20,0x70,0x32,0xc2,0x10,0x80,0x89,0x21,0x20,0x2f,0x13,0xc4,0xc4,0x00,0x20,0x98,0x32,0xc2,0x10,0x90,0x89,0x21,0x60,0x60,0x13,0x44,0xc4,0x00,0x20,0x08,0x33,0x02,0x13,0x90,0x08,0x26,0x40,0x60,0x13,0x0c,0xc4,0x00,0x20,0x18,0x32,0x02,0x14,0x60,0x08,0x28,0xc0,0x20,0x13,0x18,0xc4,0x00,0x60,0x30,0x32,0x86,0x19,0x00,0x08,0x30,0x80,0x31,0x33,0x00,0xc4,0x00,0xc0,0x03,0x32,0x3c,0x10,0x00,0x08,0x20,0x00,0x1e,0xe3,0x01,0xc4,0x00,0x00,0x00,0x00,0x00,0x00,0x00,0x00,0x00,0x00,0x00,0x00,0x00,0x00,0x00,0x00,0x00,0x00,0x00,0x00,0x00,0x00,0x00,0x00,0x00,0x00,0x00,0x00,0x00,0x00,0x00,0x00,0x00,0x00,0x00,0x00,0x00,0x00,0x00,0x00,0x00,0x00,0x00,0x00,0x00,0x00,0x00,0x00,0x00,0x00,0x00,0x00,0x00,0x00,0x00,0x00,0x00,0x00,0x00,0x02,0x00,0x00,0x00,0x00,0x00,0x00,0x00,0x0f,0x00,0x00,0x00,0x00,0x00,0x02,0x00,0x00,0x00,0x00,0x00,0x00,0x80,0x31,0x00,0x00,0x00,0x00,0x00,0x7c,0x00,0x00,0x00,0x00,0x00,0x00,0x40,0xc0,0x00,0x00,0x00,0x00,0x00,0xc0,0x00,0x00,0x00,0x00,0x00,0x00,0x60,0x80,0x00,0x00,0x00,0x00,0x00,0x80,0x00,0x00,0x00,0x00,0x03,0x00,0x4c,0x00,0x00,0x00,0x00,0xc0,0xff,0xff,0x03,0xf0,0xfc,0xff,0x86,0xff,0xfb,0xff,0xff,0x7f,0x00,0x00,0x00,0x18,0x00,0x98,0x01,0x02,0x03,0x40,0xcc,0x0c,0x62,0x10,0x00,0xc0,0x78,0x7c,0x00,0x8c,0x81,0x0f,0x03,0x70,0xcc,0x30,0x82,0x11,0x00,0x80,0xc8,0x84,0x00,0x84,0x61,0x32,0x03,0x4e,0xcc,0xa0,0x03,0x1d,0x00,0x80,0x88,0x80,0x80,0x84,0x19,0x22,0x03,0x43,0xcc,0x60,0x02,0x13,0x00,0x00,0x81,0x80,0x80,0x98,0x19,0x22,0x03,0x43,0xcc,0x64,0x22,0x13,0x00,0x00,0x83,0xfc,0x80,0x80,0x61,0x3a,0x03,0x4c,0xcc,0x24,0x22,0x11,0x00,0x00,0xc6,0x38,0x80,0x81,0x81,0x02,0x03,0x50,0xcc,0x18,0xc2,0x10,0x00,0x00,0x7c,0xc0,0x00,0xff,0x01,0x03,0x03,0x60,0xcc,0x00,0x02,0x10,0x00,0x00,0x20,0x80,0x03,0x80,0x01,0x03,0x03,0x40,0xcc,0x00,0x02,0x10,0x00,0x00,0x20,0x00,0x01,0x00,0x00,0x00,0x00,0x00,0x00,0x00,0x00,0x00,0x00,0x00,0x3c,0x00,0x00,0x00,0x00,0x00,0x00,0x00,0x00,0x00,0x00,0x00,0x00,0x00,0xe6,0x00,0x00,0x00,0x00,0x00,0x00,0x00,0x00,0x00,0x00,0x00,0x00,0x00,0xb2,0x01,0x00,0x00,0x00,0x00,0x00,0x00,0x00,0x00,0x00,0x00,0x00,0x00,0x1c,0x01,0x00,0x00,0x00,0x00,0x00,0x00,0x00,0x00,0x00,0x00,0x00,0x00,0x00,0x00,0x00,0x00,0x00,0x00,0x00,0x00,0x00,0x00,0x00,0x00,0x00};
#define BN_PHRASE_5_W 110
#define BN_PHRASE_5_H 56
static const uint8_t bn_phrase_6[154] = {0x00,0x00,0x00,0x00,0x00,0x00,0x00,0x00,0x00,0x00,0x00,0x00,0x10,0x00,0x00,0x00,0x00,0x00,0x00,0x30,0x00,0x00,0x00,0x00,0x00,0x00,0xe0,0x07,0x00,0x00,0x00,0x00,0x00,0x00,0x04,0x00,0x00,0x00,0x00,0x00,0x00,0x04,0xf0,0xff,0x00,0x9e,0xff,0xff,0x1f,0x18,0x20,0x00,0x33,0x40,0x40,0x00,0x04,0x20,0x80,0x31,0xf0,0x41,0x00,0x06,0x27,0x80,0x30,0x4c,0x46,0x0e,0x82,0x28,0x90,0x30,0x43,0x44,0x08,0x82,0x30,0x10,0x33,0x43,0x44,0x08,0x82,0x21,0x10,0x30,0x4c,0x47,0x08,0x02,0x21,0x30,0x30,0x50,0x40,0x0c,0x06,0x20,0xe0,0x3f,0x60,0x40,0x06,0x3c,0x20,0x00,0x30,0x60,0xc0,0x03,0x00,0x00,0x00,0x00,0x00,0x00,0x02,0x00,0x00,0x00,0x00,0x00,0xc0,0x03,0x00,0x00,0x00,0x00,0x00,0x60,0x0e,0x00,0x00,0x00,0x00,0x00,0x20,0x1b,0x00,0x00,0x00,0x00,0x00,0xc0,0x11,0x00,0x00,0x00,0x00,0x00,0x00,0x00};
#define BN_PHRASE_6_W 54
#define BN_PHRASE_6_H 22
static const uint8_t bn_phrase_7[900] = {0x00,0x00,0x00,0x00,0x00,0x00,0x00,0x00,0x00,0x00,0x00,0x00,0x00,0x00,0x00,0x00,0x00,0x00,0x00,0x00,0x00,0x00,0x00,0x00,0x00,0x00,0x78,0x00,0x00,0x00,0x00,0x00,0x00,0x00,0x00,0x00,0x00,0x00,0x00,0x00,0x00,0x8c,0x01,0x00,0x00,0x00,0x00,0x00,0x00,0x00,0x00,0x00,0x00,0x00,0x00,0x00,0x02,0x06,0x00,0x00,0x00,0x00,0x00,0x00,0x00,0x00,0x00,0x00,0x00,0x00,0x00,0x03,0x04,0x00,0x00,0x00,0x00,0x0c,0x00,0x80,0x01,0x60,0x00,0x00,0x00,0x00,0x02,0x00,0x00,0x00,0xe0,0xff,0xfb,0xff,0x7f,0xff,0xdf,0xff,0xff,0xff,0x07,0xff,0xff,0xff,0x01,0x00,0x00,0x0c,0x03,0x88,0x01,0x62,0x06,0xc1,0x00,0x00,0x66,0x80,0x41,0x00,0x60,0x66,0x8c,0x00,0x88,0x81,0x63,0x18,0x21,0xe3,0x01,0x66,0x08,0x46,0x00,0x40,0x72,0xcc,0xf0,0x8f,0x71,0x62,0xd0,0x31,0x22,0x03,0x66,0x1e,0x74,0x00,0x40,0x5e,0x4c,0x88,0x89,0x19,0x62,0x30,0x11,0x22,0x02,0xe6,0x09,0x4c,0x00,0xc0,0xc0,0x4c,0x88,0x88,0x19,0x62,0x32,0x11,0x04,0x02,0xe6,0x88,0x4c,0x00,0x80,0xc0,0x4c,0x18,0x88,0x61,0x62,0x12,0x11,0x0c,0x02,0x66,0x88,0x44,0x00,0x80,0x41,0x4c,0x30,0x88,0x81,0x62,0x0c,0x11,0x18,0x03,0x06,0x08,0x43,0x00,0x00,0x63,0xcc,0x00,0x88,0x01,0x63,0x00,0x31,0xf0,0x01,0x06,0x08,0x40,0x00,0x00,0x3c,0x8c,0x07,0x88,0x01,0x62,0x00,0xe1,0x01,0x00,0x06,0x08,0x40,0x00,0x00,0x00,0x00,0x00,0x00,0x00,0x00,0x00,0x00,0x00,0x00,0x00,0x00,0x00,0x00,0x00,0x00,0x00,0x00,0x00,0x00,0x00,0x00,0x00,0x00,0x00,0x00,0x00,0x00,0x00,0x00,0x00,0x00,0x00,0x00,0x00,0x00,0x00,0x00,0x00,0x00,0x00,0x00,0x00,0x00,0x00,0x00,0x00,0x00,0x00,0x00,0x00,0x00,0x00,0x00,0x00,0x00,0x00,0x00,0x00,0x00,0x00,0x03,0x00,0x00,0x00,0x01,0x00,0x0c,0x00,0x00,0x0c,0x00,0x00,0x18,0xf0,0xff,0xf6,0xff,0x07,0x3c,0xff,0xff,0x1b,0xc0,0xff,0xdb,0xff,0xff,0x37,0x98,0x21,0x83,0x01,0x01,0x62,0x61,0x80,0x0c,0x60,0xc3,0x8c,0x01,0x00,0x19,0x04,0x22,0x43,0xc0,0x81,0xc1,0x11,0xe0,0x0c,0x10,0xcc,0x8c,0x7f,0x00,0x19,0x06,0x26,0x63,0x38,0x01,0xa7,0x19,0x9c,0x0c,0x18,0xc8,0x8c,0xd1,0x38,0x19,0x02,0x27,0x23,0x0c,0x01,0x1c,0x09,0x86,0x0c,0x08,0xc6,0x8c,0x99,0x44,0x19,0x82,0x29,0x23,0x0c,0x01,0x0c,0x09,0x86,0x0c,0x08,0xc1,0x0c,0x8f,0x84,0x19,0x82,0x30,0x23,0x30,0x01,0x04,0x09,0x98,0x0c,0x08,0xcf,0x0c,0x40,0x0c,0x19,0x82,0x21,0x23,0x40,0x01,0x00,0x09,0xa0,0x0c,0x08,0xd8,0x0c,0x7f,0x08,0x19,0x06,0x23,0x63,0x98,0x01,0x00,0x19,0xcc,0x0c,0x18,0xe0,0x0c,0x3f,0x00,0x19,0x3c,0x20,0xc3,0x03,0x01,0x00,0xf1,0x80,0x0c,0xf0,0xc0,0x0c,0xe0,0x00,0x19,0x00,0x00,0x00,0x00,0x00,0x80,0x00,0x00,0x00,0x00,0x00,0x00,0x00,0x01,0x00,0x00,0x00,0x00,0x00,0x00,0xf0,0x00,0x00,0x00,0x00,0x00,0x00,0x00,0x00,0x00,0x00,0x00,0x00,0x00,0x00,0x98,0x01,0x00,0x00,0x00,0x00,0x00,0x00,0x00,0x00,0x00,0x00,0x00,0x00,0x00,0x88,0x06,0x00,0x00,0x00,0x00,0x00,0x00,0x00,0x00,0x00,0x00,0x00,0x00,0x00,0x70,0x04,0x00,0x00,0x00,0x00,0x00,0x00,0x00,0x00,0x00,0x00,0x00,0x00,0x00,0x00,0x00,0x00,0x00,0x00,0x00,0x00,0x00,0x00,0x00,0x00,0x00,0x00,0x00,0x00,0x00,0x00,0x00,0x00,0x00,0x00,0x00,0x00,0x00,0x00,0x00,0x00,0x00,0x00,0x00,0x00,0x00,0x00,0x00,0x00,0x00,0x00,0x00,0x00,0x00,0x00,0x00,0x00,0x00,0x00,0x00,0x00,0x00,0x00,0x00,0x00,0x00,0x00,0x00,0x00,0x00,0x00,0x00,0x00,0x00,0x10,0x00,0x00,0x00,0x00,0x00,0x00,0x00,0x00,0x00,0x00,0x00,0x00,0x00,0x00,0x10,0x00,0x00,0x00,0x00,0x00,0x00,0x00,0x00,0x00,0x00,0x00,0x00,0x00,0x00,0xe0,0x03,0x00,0x00,0x00,0x00,0x00,0x00,0x00,0x00,0x00,0x00,0x00,0x00,0x00,0x00,0x06,0x00,0x00,0x00,0x00,0x00,0x00,0x00,0x00,0x00,0x00,0x00,0x00,0x00,0x00,0x04,0x00,0x00,0x00,0x18,0x00,0x00,0x00,0x00,0x00,0x00,0x00,0x00,0xfe,0xff,0x1f,0x80,0xe7,0xff,0x37,0x00,0x00,0x00,0x00,0x00,0x00,0x00,0x00,0x00,0xc0,0x00,0xc0,0x0c,0x10,0x18,0x00,0x00,0x00,0x00,0x00,0x00,0x00,0x00,0xc6,0xe3,0x03,0x60,0x0c,0x7c,0x18,0x00,0x00,0x00,0x00,0x00,0x00,0x00,0x00,0x44,0x26,0x04,0x20,0x0c,0x93,0x19,0x00,0x00,0x00,0x00,0x00,0x00,0x00,0x00,0x44,0x04,0x04,0x24,0xcc,0x10,0x19,0x00,0x00,0x00,0x00,0x00,0x00,0x00,0x00,0x08,0x04,0x04,0xc4,0xcc,0x10,0x19,0x00,0x00,0x00,0x00,0x00,0x00,0x00,0x00,0x18,0xe4,0x07,0x04,0x0c,0xd3,0x19,0x00,0x00,0x00,0x00,0x00,0x00,0x00,0x00,0x30,0xc6,0x01,0x0c,0x0c,0x14,0x18,0x00,0x00,0x00,0x00,0x00,0x00,0x00,0x00,0xe0,0x03,0x06,0xf8,0x0f,0x18,0x18,0x00,0x00,0x00,0x00,0x00,0x00,0x00,0x00,0x00,0x01,0x1c,0x00,0x0c,0x18,0x18,0x00,0x00,0x00,0x00,0x00,0x00,0x00,0x00,0x00,0x01,0x08,0x00,0x00,0x00,0x00,0x00,0x00,0x00,0x00,0x00,0x00,0x00,0x00,0xe0,0x01,0x00,0x00,0x00,0x00,0x00,0x00,0x00,0x00,0x00,0x00,0x00,0x00,0x00,0x30,0x07,0x00,0x00,0x00,0x00,0x00,0x00,0x00,0x00,0x00,0x00,0x00,0x00,0x00,0x90,0x0d,0x00,0x00,0x00,0x00,0x00,0x00,0x00,0x00,0x00,0x00,0x00,0x00,0x00,0xe0,0x08,0x00,0x00,0x00,0x00,0x00,0x00,0x00,0x00,0x00};
#define BN_PHRASE_7_W 119
#define BN_PHRASE_7_H 60
static const uint8_t bn_phrase_8[494] = {0x00,0x00,0x00,0x00,0x00,0x00,0x00,0x00,0x00,0x00,0x00,0x00,0x00,0x00,0x80,0x0c,0x80,0x01,0x00,0x00,0x00,0x00,0x00,0x00,0x00,0x00,0x30,0x9e,0xfb,0x7f,0xff,0x1f,0xe0,0xff,0xf1,0xff,0xff,0xff,0x01,0x18,0xb1,0x8c,0x81,0x19,0x04,0x30,0x40,0x60,0x10,0x8c,0x4c,0x00,0xc4,0xe0,0x8c,0x87,0x61,0x04,0x08,0x40,0x80,0x11,0x82,0x3b,0x00,0x86,0xd3,0xcc,0x88,0x41,0x07,0x0c,0x4e,0x00,0x1d,0x43,0xe6,0x00,0x02,0x8e,0x4c,0x88,0xc1,0x04,0x04,0x51,0x00,0x13,0x41,0x5c,0x00,0x02,0x86,0x0c,0x88,0xc9,0x04,0x04,0x61,0x20,0x13,0x01,0x4c,0x00,0x02,0x82,0xcc,0x8f,0x49,0x04,0x04,0x43,0x20,0x11,0x81,0x66,0x00,0x02,0x80,0xcc,0x83,0x31,0x04,0x04,0x42,0xc0,0x10,0xc1,0x43,0x00,0x06,0x80,0x0c,0x86,0x01,0x04,0x0c,0x40,0x00,0x10,0x03,0x40,0x00,0x3c,0x80,0x0c,0x98,0x01,0x04,0x78,0x40,0x00,0x10,0x1e,0x40,0x00,0x00,0x00,0x00,0x30,0x00,0x00,0x00,0x00,0x00,0x00,0x00,0x00,0x00,0x00,0x00,0x00,0x00,0x00,0x00,0x00,0x00,0x00,0x00,0x00,0x00,0x00,0x00,0x00,0x00,0x00,0x00,0x00,0x00,0x00,0x00,0x00,0x00,0x00,0x00,0x00,0x00,0x00,0x00,0x00,0x00,0x00,0x00,0x00,0x00,0x00,0x00,0x00,0x00,0x00,0x00,0x00,0x00,0x00,0x00,0x00,0x00,0x00,0x00,0x00,0x00,0x00,0x00,0x1e,0x00,0x00,0x00,0x00,0x00,0x00,0x04,0x00,0x00,0x00,0x00,0x00,0x63,0x00,0x00,0x00,0x00,0x00,0x00,0x04,0x00,0x00,0x00,0x00,0x80,0x80,0x01,0x00,0x00,0x00,0x00,0x00,0xf8,0x00,0x00,0x00,0x00,0xc0,0x00,0x01,0x00,0x00,0x00,0x00,0x00,0x80,0x01,0x00,0x00,0x00,0x80,0x00,0x00,0x00,0x00,0x00,0x00,0x00,0x00,0x01,0x00,0x00,0x00,0xc0,0xff,0xff,0x7f,0x80,0xff,0xc7,0xff,0xfd,0x07,0x00,0x00,0x00,0x80,0x19,0x62,0x10,0xc0,0x00,0x01,0x00,0x30,0x00,0x00,0x00,0x00,0x80,0x21,0x82,0x11,0x20,0xc0,0xc1,0x78,0xf8,0x00,0x00,0x00,0x00,0x80,0x61,0x02,0x1d,0x30,0x38,0x81,0xc8,0x08,0x01,0x00,0x00,0x00,0x80,0x71,0x02,0x13,0x10,0x0c,0x81,0x88,0x00,0x01,0x00,0x00,0x00,0x80,0x99,0x22,0x13,0x10,0x0c,0x01,0x81,0x00,0x01,0x00,0x00,0x00,0x80,0x09,0x23,0x11,0x10,0x30,0x01,0x83,0xf8,0x01,0x00,0x00,0x00,0x80,0x19,0xc2,0x10,0x10,0x40,0x01,0xc6,0x70,0x00,0x00,0x00,0x00,0x80,0x31,0x02,0x10,0x30,0x98,0x01,0x7c,0x80,0x01,0x00,0x00,0x00,0x80,0x01,0x02,0x10,0xe0,0x01,0x01,0x20,0x00,0x07,0x00,0x00,0x00,0x00,0x00,0x00,0x00,0x00,0x00,0x00,0x20,0x00,0x02,0x00,0x00,0x00,0x00,0x00,0x00,0x00,0x00,0x00,0x00,0x3c,0x00,0x00,0x00,0x00,0x00,0x00,0x00,0x00,0x00,0x00,0x00,0x00,0xe6,0x00,0x00,0x00,0x00,0x00,0x00,0x00,0x00,0x00,0x00,0x00,0x00,0xb2,0x01,0x00,0x00,0x00,0x00,0x00,0x00,0x00,0x00,0x00,0x00,0x00,0x1c,0x01,0x00,0x00,0x00,0x00,0x00,0x00,0x00,0x00,0x00,0x00,0x00,0x00,0x00,0x00,0x00,0x00};
#define BN_PHRASE_8_W 98
#define BN_PHRASE_8_H 38
static const uint8_t bn_phrase_9[840] = {0x00,0x00,0x00,0x00,0x00,0x00,0x00,0x00,0x00,0x00,0x00,0x00,0x00,0x00,0x00,0x00,0x00,0x03,0x00,0x00,0x00,0x01,0x00,0x0c,0x00,0x00,0x0c,0x00,0x00,0x18,0xf0,0xff,0xf6,0xff,0x07,0x3c,0xff,0xff,0x1b,0xc0,0xff,0xdb,0xff,0xff,0x37,0x98,0x21,0x83,0x01,0x01,0x62,0x61,0x80,0x0c,0x60,0xc3,0x8c,0x01,0x00,0x19,0x04,0x22,0x43,0xc0,0x81,0xc1,0x11,0xe0,0x0c,0x10,0xcc,0x8c,0x7f,0x00,0x19,0x06,0x26,0x63,0x38,0x01,0xa7,0x19,0x9c,0x0c,0x18,0xc8,0x8c,0xd1,0x38,0x19,0x02,0x27,0x23,0x0c,0x01,0x1c,0x09,0x86,0x0c,0x08,0xc6,0x8c,0x99,0x44,0x19,0x82,0x29,0x23,0x0c,0x01,0x0c,0x09,0x86,0x0c,0x08,0xc1,0x0c,0x8f,0x84,0x19,0x82,0x30,0x23,0x30,0x01,0x04,0x09,0x98,0x0c,0x08,0xcf,0x0c,0x40,0x0c,0x19,0x82,0x21,0x23,0x40,0x01,0x00,0x09,0xa0,0x0c,0x08,0xd8,0x0c,0x7f,0x08,0x19,0x06,0x23,0x63,0x98,0x01,0x00,0x19,0xcc,0x0c,0x18,0xe0,0x0c,0x3f,0x00,0x19,0x3c,0x20,0xc3,0x03,0x01,0x00,0xf1,0x80,0x0c,0xf0,0xc0,0x0c,0xe0,0x00,0x19,0x00,0x00,0x00,0x00,0x00,0x80,0x00,0x00,0x00,0x00,0x00,0x00,0x00,0x01,0x00,0x00,0x00,0x00,0x00,0x00,0xf0,0x00,0x00,0x00,0x00,0x00,0x00,0x00,0x00,0x00,0x00,0x00,0x00,0x00,0x00,0x98,0x01,0x00,0x00,0x00,0x00,0x00,0x00,0x00,0x00,0x00,0x00,0x00,0x00,0x00,0x88,0x06,0x00,0x00,0x00,0x00,0x00,0x00,0x00,0x00,0x00,0x00,0x00,0x00,0x00,0x70,0x04,0x00,0x00,0x00,0x00,0x00,0x00,0x00,0x00,0x00,0x00,0x00,0x00,0x00,0x00,0x00,0x00,0x00,0x00,0x00,0x00,0x00,0x00,0x00,0x00,0x00,0x00,0x00,0x00,0x00,0x00,0x00,0x00,0x00,0x00,0x00,0x00,0x00,0x00,0x00,0x00,0x00,0x00,0x00,0x00,0x00,0x00,0x00,0x00,0x00,0x00,0x00,0x00,0x00,0x00,0x00,0x00,0x00,0x00,0x00,0x00,0x00,0x00,0x00,0x00,0x00,0x00,0x00,0x00,0x00,0x00,0x02,0x00,0x00,0x00,0x00,0x00,0x00,0x00,0x00,0x00,0x00,0x00,0x00,0x00,0x00,0x02,0x00,0x00,0x00,0x00,0x00,0x00,0x00,0x00,0x00,0x00,0x00,0x00,0x00,0x00,0x7c,0x00,0x00,0x00,0x00,0x00,0x00,0x00,0x00,0x00,0x00,0x00,0x00,0x00,0x00,0xc0,0x00,0x00,0x00,0x00,0x00,0x00,0x00,0x00,0x00,0x00,0x00,0x00,0x00,0x00,0x80,0x00,0x00,0x00,0x00,0x03,0x00,0x00,0x80,0x00,0x18,0x00,0x00,0xc0,0xff,0xff,0x03,0xf0,0xfc,0xff,0x86,0xff,0x1f,0x9e,0xff,0xf7,0xff,0x01,0x00,0x00,0x18,0x00,0x98,0x01,0x02,0x03,0x10,0x08,0xb1,0x18,0x98,0x41,0x00,0xc0,0x78,0x7c,0x00,0x8c,0x81,0x0f,0x83,0x71,0xc8,0xe0,0x78,0x18,0x46,0x00,0x80,0xc8,0x84,0x00,0x84,0x61,0x32,0x03,0x99,0x88,0xd3,0x8c,0x18,0x74,0x00,0x80,0x88,0x80,0x80,0x84,0x19,0x22,0x03,0x9b,0x09,0x8e,0x84,0x18,0x4c,0x00,0x00,0x81,0x80,0x80,0x98,0x19,0x22,0x03,0x82,0x09,0x86,0x80,0x98,0x4c,0x00,0x00,0x83,0xfc,0x80,0x80,0x61,0x3a,0x03,0x86,0x09,0x82,0xfc,0x98,0x44,0x00,0x00,0xc6,0x38,0x80,0x81,0x81,0x02,0x03,0xf8,0x0b,0x80,0x3c,0x18,0x43,0x00,0x00,0x7c,0xc0,0x00,0xff,0x01,0x03,0x03,0x00,0x0c,0x80,0x60,0x18,0x40,0x00,0x00,0x20,0x80,0x03,0x80,0x01,0x03,0x03,0x00,0x0c,0x80,0x80,0x19,0x40,0x00,0x00,0x20,0x00,0x01,0x00,0x00,0x00,0x00,0x00,0x00,0x00,0x00,0x03,0x00,0x00,0x00,0x3c,0x00,0x00,0x00,0x00,0x00,0x00,0x00,0x00,0x00,0x00,0x00,0x00,0x00,0x00,0xe6,0x00,0x00,0x00,0x00,0x00,0x00,0x00,0x00,0x00,0x00,0x00,0x00,0x00,0x00,0xb2,0x01,0x00,0x00,0x00,0x00,0x00,0x00,0x00,0x00,0x00,0x00,0x00,0x00,0x00,0x1c,0x01,0x00,0x00,0x00,0x00,0x00,0x00,0x00,0x00,0x00,0x00,0x00,0x00,0x00,0x00,0x00,0x00,0x00,0x00,0x00,0x00,0x00,0x00,0x00,0x00,0x00,0x00,0x00,0x00,0x00,0x00,0x00,0x00,0x00,0x00,0x00,0x00,0x00,0x00,0x00,0x00,0x00,0x00,0x00,0x00,0x00,0x00,0x00,0x00,0x00,0x00,0x00,0x00,0x00,0x00,0x00,0x00,0x00,0x00,0x00,0x00,0x00,0x00,0x00,0x00,0x00,0x00,0x00,0x00,0x00,0x00,0x00,0x00,0x00,0x00,0x00,0x00,0x80,0xff,0xc7,0xff,0xff,0xff,0x07,0x00,0x00,0x00,0x00,0x00,0x00,0x00,0x00,0xc0,0x00,0x81,0x41,0x30,0x32,0x01,0x00,0x00,0x00,0x00,0x00,0x00,0x00,0x00,0x20,0x00,0x01,0x46,0x08,0xee,0x00,0x00,0x00,0x00,0x00,0x00,0x00,0x00,0x00,0x30,0x38,0x01,0x74,0x0c,0x99,0x03,0x00,0x00,0x00,0x00,0x00,0x00,0x00,0x00,0x10,0x44,0x01,0x4c,0x04,0x71,0x01,0x00,0x00,0x00,0x00,0x00,0x00,0x00,0x00,0x10,0x84,0x81,0x4c,0x04,0x30,0x01,0x00,0x00,0x00,0x00,0x00,0x00,0x00,0x00,0x10,0x0c,0x81,0x44,0x04,0x9a,0x01,0x00,0x00,0x00,0x00,0x00,0x00,0x00,0x00,0x10,0x08,0x01,0x43,0x04,0x0f,0x01,0x00,0x00,0x00,0x00,0x00,0x00,0x00,0x00,0x30,0x00,0x01,0x40,0x0c,0x00,0x01,0x00,0x00,0x00,0x00,0x00,0x00,0x00,0x00,0xe0,0x01,0x01,0x40,0x78,0x00,0x01,0x00,0x00,0x00,0x00,0x00,0x00,0x00,0x00,0x00,0x00,0x00,0x00,0x00,0x00,0x00,0x00,0x00,0x00,0x00};
#define BN_PHRASE_9_W 119
#define BN_PHRASE_9_H 56
static const uint8_t bn_phrase_10[840] = {0x00,0x00,0x00,0x00,0x00,0x00,0x00,0x00,0x00,0x00,0x00,0x00,0x00,0x00,0xf0,0x00,0x00,0x00,0x00,0x00,0x00,0x10,0x00,0x00,0x00,0x00,0x00,0x00,0x18,0x03,0x00,0x00,0x00,0x00,0x00,0x10,0x00,0x00,0x00,0x00,0x00,0x00,0x04,0x0c,0x00,0x00,0x00,0x00,0x00,0xe0,0x03,0x00,0x00,0x00,0x00,0x00,0x06,0x08,0x00,0x00,0x00,0x00,0x00,0x00,0x06,0x00,0x00,0x00,0x00,0x00,0x04,0x00,0x80,0x00,0x00,0x00,0x00,0x00,0x04,0x00,0x00,0x0c,0x00,0x00,0xfe,0xff,0xbb,0x03,0xfc,0x1f,0xfe,0xff,0x1f,0xe0,0xff,0xfb,0xff,0x0f,0x0c,0x10,0xce,0x00,0x06,0x04,0x00,0xc0,0x00,0x30,0x43,0x0c,0x03,0x02,0x0c,0x10,0x84,0x00,0x01,0x07,0xc6,0xe3,0x03,0x08,0x44,0x8c,0x80,0x03,0x8c,0x13,0x8e,0x80,0xe1,0x04,0x44,0x26,0x04,0x0c,0x4c,0xcc,0x70,0x02,0x4c,0x14,0xbb,0x80,0x30,0x04,0x44,0x04,0x04,0x04,0x4e,0x4c,0x18,0x02,0x4c,0x18,0x80,0x80,0x30,0x04,0x08,0x04,0x04,0x04,0x53,0x4c,0x18,0x02,0xcc,0x10,0x80,0x80,0xc0,0x04,0x18,0xe4,0x07,0x04,0x61,0x4c,0x60,0x02,0x8c,0x10,0x80,0x80,0x00,0x05,0x30,0xc6,0x01,0x04,0x43,0x4c,0x80,0x02,0x0c,0x10,0x80,0x80,0x61,0x06,0xe0,0x03,0x06,0x0c,0x46,0xcc,0x30,0x03,0x0c,0x10,0x80,0x00,0x0f,0x04,0x00,0x01,0x1c,0x78,0x40,0x8c,0x07,0x02,0x00,0x00,0x00,0x00,0x00,0x00,0x00,0x01,0x08,0x00,0x00,0x00,0x00,0x00,0x00,0x00,0x00,0x00,0x00,0x00,0xe0,0x01,0x00,0x00,0x00,0x00,0x00,0x00,0x00,0x00,0x00,0x00,0x00,0x00,0x30,0x07,0x00,0x00,0x00,0x00,0x00,0x00,0x00,0x00,0x00,0x00,0x00,0x00,0x90,0x0d,0x00,0x00,0x00,0x00,0x00,0x00,0x00,0x00,0x00,0x00,0x00,0x00,0xe0,0x08,0x00,0x00,0x00,0x00,0x00,0x00,0x00,0x00,0x00,0x00,0x00,0x00,0x00,0x00,0x00,0x00,0x00,0x00,0x00,0x00,0x00,0x00,0x00,0x00,0x00,0x00,0x00,0x00,0x00,0x00,0x00,0x00,0x00,0x00,0x00,0x00,0x00,0x00,0x00,0x00,0x00,0x00,0x00,0x00,0x00,0x00,0x00,0x00,0x00,0x00,0x00,0x00,0x00,0x00,0x00,0x00,0x00,0x00,0x00,0x00,0x00,0x00,0x00,0x00,0x18,0x00,0x00,0x00,0x00,0x00,0x00,0x80,0x01,0x00,0x60,0x00,0x80,0xff,0xb7,0xff,0x3f,0xfc,0xff,0x7f,0xf8,0x7f,0xff,0xff,0xdf,0x00,0xc0,0x0c,0x19,0x0c,0x08,0x18,0x04,0x10,0x00,0x80,0x61,0x00,0x62,0x00,0x20,0x10,0x19,0x02,0x0e,0x60,0x04,0x1c,0x98,0x99,0x11,0x00,0x62,0x00,0x30,0x30,0x19,0xc3,0x09,0x40,0x87,0x13,0x90,0x9c,0x19,0xfc,0x63,0x00,0x10,0x38,0x19,0x61,0x08,0xc0,0xc4,0x10,0x90,0x97,0x09,0x62,0x62,0x00,0x10,0x4c,0x19,0x61,0x08,0xc8,0xc4,0x10,0x30,0xb0,0x09,0x22,0x62,0x00,0x10,0x84,0x19,0x81,0x09,0x48,0x04,0x13,0x20,0xb0,0x09,0x06,0x62,0x00,0x10,0x0c,0x19,0x01,0x0a,0x30,0x04,0x14,0x60,0x90,0x09,0x0c,0x62,0x00,0x30,0x18,0x19,0xc3,0x0c,0x00,0x04,0x18,0xc0,0x98,0x19,0x00,0x62,0x00,0xe0,0x01,0x19,0x1e,0x08,0x00,0x04,0x10,0x00,0x8f,0xf1,0x00,0x62,0x00,0x00,0x00,0x00,0x00,0x00,0x00,0x00,0x00,0x00,0x00,0x00,0x00,0x00,0x00,0x00,0x00,0x00,0x00,0x00,0x00,0x00,0x00,0x00,0x00,0x00,0x00,0x00,0x00,0x00,0x00,0x00,0x00,0x00,0x00,0x00,0x00,0x00,0x00,0x00,0x00,0x00,0x00,0x00,0x00,0x00,0x00,0x00,0x00,0x00,0x00,0x00,0x00,0x00,0x00,0x00,0x00,0x00,0x00,0x00,0x00,0x80,0x00,0x00,0x00,0x00,0x00,0x00,0x00,0x00,0x00,0x00,0x00,0x00,0x00,0x80,0x00,0x00,0x00,0x00,0x00,0x00,0x00,0x00,0x00,0x00,0x00,0x00,0x00,0x00,0x1f,0x00,0x00,0x00,0x00,0x00,0x00,0x00,0x00,0x00,0x00,0x00,0x00,0x00,0x30,0x00,0x00,0x00,0x00,0x00,0x00,0x00,0x00,0x00,0x00,0x00,0x00,0x00,0x20,0x00,0x00,0x00,0xc0,0x00,0x00,0x00,0x00,0x00,0x00,0x00,0xf0,0xff,0xff,0x00,0x3c,0xff,0xbf,0x01,0x00,0x00,0x00,0x00,0x00,0x00,0x00,0x00,0x06,0x00,0x66,0x80,0xc0,0x00,0x00,0x00,0x00,0x00,0x00,0x00,0x30,0x1e,0x1f,0x00,0x63,0xe0,0xc3,0x00,0x00,0x00,0x00,0x00,0x00,0x00,0x20,0x32,0x21,0x00,0x61,0x98,0xcc,0x00,0x00,0x00,0x00,0x00,0x00,0x00,0x20,0x22,0x20,0x20,0x61,0x86,0xc8,0x00,0x00,0x00,0x00,0x00,0x00,0x00,0x40,0x20,0x20,0x20,0x66,0x86,0xc8,0x00,0x00,0x00,0x00,0x00,0x00,0x00,0xc0,0x20,0x3f,0x20,0x60,0x98,0xce,0x00,0x00,0x00,0x00,0x00,0x00,0x00,0x80,0x31,0x0e,0x60,0x60,0xa0,0xc0,0x00,0x00,0x00,0x00,0x00,0x00,0x00,0x00,0x1f,0x30,0xc0,0x7f,0xc0,0xc0,0x00,0x00,0x00,0x00,0x00,0x00,0x00,0x00,0x08,0xe0,0x00,0x60,0xc0,0xc0,0x00,0x00,0x00,0x00,0x00,0x00,0x00,0x00,0x08,0x40,0x00,0x00,0x00,0x00,0x00,0x00,0x00,0x00,0x00,0x00,0x00,0x00,0x0f,0x00,0x00,0x00,0x00,0x00,0x00,0x00,0x00,0x00,0x00,0x00,0x00,0x80,0x39,0x00,0x00,0x00,0x00,0x00,0x00,0x00,0x00,0x00,0x00,0x00,0x00,0x80,0x6c,0x00,0x00,0x00,0x00,0x00,0x00,0x00,0x00,0x00,0x00,0x00,0x00,0x00,0x47,0x00,0x00,0x00,0x00,0x00,0x00,0x00,0x00,0x00};
#define BN_PHRASE_10_W 109
#define BN_PHRASE_10_H 60
static const uint8_t bn_phrase_11[286] = {0x00,0x00,0x00,0x00,0x00,0x00,0x00,0x00,0x00,0x00,0x00,0x00,0x00,0x00,0x00,0x3c,0x00,0x00,0x00,0x00,0x00,0x00,0x00,0x00,0x02,0x00,0x00,0x00,0xc6,0x00,0x00,0x00,0x00,0x00,0x00,0x00,0x00,0x06,0x00,0x00,0x00,0x01,0x03,0x00,0x00,0x00,0x00,0x00,0x00,0x00,0xfc,0x00,0x00,0x80,0x01,0x02,0x00,0x00,0x00,0x00,0x00,0x00,0x00,0x80,0x00,0x00,0x30,0x01,0x00,0x00,0x00,0x00,0x00,0x00,0x00,0x00,0x80,0x00,0xfe,0xef,0xff,0xff,0xff,0x01,0xfe,0x1f,0xc0,0xf3,0xff,0xff,0x03,0x00,0x31,0x33,0x88,0x41,0x00,0x03,0x04,0x60,0x06,0x08,0x08,0x00,0xc0,0x31,0xc3,0x08,0x46,0x80,0x00,0x04,0x30,0x06,0x3e,0x08,0x00,0x38,0x31,0x83,0x0e,0x74,0xc0,0xe0,0x04,0x10,0x86,0xc9,0xc8,0x01,0x0c,0x31,0x83,0x09,0x4c,0x40,0x10,0x05,0x12,0x66,0x88,0x08,0x01,0x0c,0x31,0x93,0x89,0x4c,0x40,0x10,0x06,0x62,0x66,0x88,0x08,0x01,0x30,0x31,0x93,0x88,0x44,0x40,0x30,0x04,0x02,0x86,0xe9,0x08,0x01,0x40,0x31,0x63,0x08,0x43,0x40,0x20,0x04,0x06,0x06,0x0a,0x88,0x01,0x80,0x31,0x03,0x08,0x40,0xc0,0x00,0x04,0xfc,0x07,0x0c,0xc8,0x00,0x00,0x31,0x03,0x08,0x40,0x80,0x07,0x04,0x00,0x06,0x0c,0x78,0x00,0x00,0x00,0x00,0x00,0x00,0x00,0x00,0x00,0x00,0x00,0x00,0x40,0x00,0x00,0x00,0x00,0x00,0x00,0x00,0x00,0x00,0x00,0x00,0x00,0x78,0x00,0x00,0x00,0x00,0x00,0x00,0x00,0x00,0x00,0x00,0x00,0x00,0xcc,0x01,0x00,0x00,0x00,0x00,0x00,0x00,0x00,0x00,0x00,0x00,0x00,0x64,0x03,0x00,0x00,0x00,0x00,0x00,0x00,0x00,0x00,0x00,0x00,0x00,0x38,0x02,0x00,0x00,0x00,0x00,0x00,0x00,0x00,0x00,0x00,0x00,0x00,0x00,0x00};
#define BN_PHRASE_11_W 99
#define BN_PHRASE_11_H 22
static const uint8_t bn_phrase_12[784] = {0x00,0x00,0x00,0x00,0x00,0x00,0x00,0x00,0x00,0x00,0x00,0x00,0x00,0x00,0x00,0x00,0x00,0x00,0x00,0x00,0x00,0x00,0x00,0x00,0x80,0x07,0x00,0x00,0x00,0x00,0x00,0x00,0x00,0x00,0x00,0x00,0x00,0x00,0xc0,0x18,0x00,0x00,0x00,0x00,0x00,0x00,0x00,0x00,0x00,0x00,0x00,0x00,0x20,0x60,0x00,0x00,0x00,0x00,0x00,0x00,0x00,0x00,0x00,0x00,0x00,0x00,0x30,0x40,0x00,0x00,0x00,0xc0,0x00,0x00,0x18,0x00,0x06,0x00,0x00,0x00,0x20,0x00,0x00,0x00,0xfe,0xbf,0xff,0xff,0xf7,0xff,0xfd,0xff,0xff,0x7f,0xf0,0xff,0xff,0x1f,0x00,0xc0,0x30,0x80,0x18,0x20,0x66,0x10,0x0c,0x00,0x60,0x06,0x18,0x04,0x66,0xc6,0x08,0x80,0x18,0x38,0x86,0x11,0x32,0x1e,0x60,0x86,0x60,0x04,0x24,0xc7,0x0c,0xff,0x18,0x27,0x06,0x1d,0x23,0x32,0x60,0xe6,0x41,0x07,0xe4,0xc5,0x84,0x98,0x98,0x21,0x06,0x13,0x21,0x22,0x60,0x9e,0xc0,0x04,0x0c,0xcc,0x84,0x88,0x98,0x21,0x26,0x13,0x41,0x20,0x60,0x8e,0xc8,0x04,0x08,0xcc,0x84,0x81,0x18,0x26,0x26,0x11,0xc1,0x20,0x60,0x86,0x48,0x04,0x18,0xc4,0x04,0x83,0x18,0x28,0xc6,0x10,0x81,0x31,0x60,0x80,0x30,0x04,0x30,0xc6,0x0c,0x80,0x18,0x30,0x06,0x10,0x03,0x1f,0x60,0x80,0x00,0x04,0xc0,0xc3,0x78,0x80,0x18,0x20,0x06,0x10,0x1e,0x00,0x60,0x80,0x00,0x04,0x00,0x00,0x00,0x00,0x00,0x00,0x00,0x00,0x00,0x00,0x00,0x00,0x00,0x00,0x00,0x00,0x00,0x00,0x00,0x00,0x00,0x00,0x00,0x00,0x00,0x00,0x00,0x00,0x00,0x00,0x00,0x00,0x00,0x00,0x00,0x00,0x00,0x00,0x00,0x00,0x00,0x00,0x00,0x00,0x00,0x00,0x00,0x00,0x00,0x00,0x00,0x00,0x00,0x00,0x00,0x00,0x00,0x00,0x30,0x00,0x00,0x00,0x00,0x00,0x00,0x00,0x03,0x00,0xc0,0x00,0x00,0xff,0x6f,0xff,0x7f,0xf8,0xff,0xff,0xf0,0xff,0xfe,0xff,0xbf,0x01,0x80,0x19,0x32,0x18,0x10,0x30,0x08,0x20,0x00,0x00,0xc3,0x00,0xc4,0x00,0x40,0x20,0x32,0x04,0x1c,0xc0,0x08,0x38,0x30,0x33,0x23,0x00,0xc4,0x00,0x60,0x60,0x32,0x86,0x13,0x80,0x0e,0x27,0x20,0x39,0x33,0xf8,0xc7,0x00,0x20,0x70,0x32,0xc2,0x10,0x80,0x89,0x21,0x20,0x2f,0x13,0xc4,0xc4,0x00,0x20,0x98,0x32,0xc2,0x10,0x90,0x89,0x21,0x60,0x60,0x13,0x44,0xc4,0x00,0x20,0x08,0x33,0x02,0x13,0x90,0x08,0x26,0x40,0x60,0x13,0x0c,0xc4,0x00,0x20,0x18,0x32,0x02,0x14,0x60,0x08,0x28,0xc0,0x20,0x13,0x18,0xc4,0x00,0x60,0x30,0x32,0x86,0x19,0x00,0x08,0x30,0x80,0x31,0x33,0x00,0xc4,0x00,0xc0,0x03,0x32,0x3c,0x10,0x00,0x08,0x20,0x00,0x1e,0xe3,0x01,0xc4,0x00,0x00,0x00,0x00,0x00,0x00,0x00,0x00,0x00,0x00,0x00,0x00,0x00,0x00,0x00,0x00,0x00,0x00,0x00,0x00,0x00,0x00,0x00,0x00,0x00,0x00,0x00,0x00,0x00,0x00,0x00,0x00,0x00,0x00,0x00,0x00,0x00,0x00,0x00,0x00,0x00,0x00,0x00,0x00,0x00,0x00,0x00,0x00,0x00,0x00,0x00,0x00,0x00,0x00,0x00,0x00,0x00,0x00,0x00,0x02,0x00,0x00,0x00,0x00,0x00,0x00,0x00,0x0f,0x00,0x00,0x00,0x00,0x00,0x02,0x00,0x00,0x00,0x00,0x00,0x00,0x80,0x31,0x00,0x00,0x00,0x00,0x00,0x7c,0x00,0x00,0x00,0x00,0x00,0x00,0x40,0xc0,0x00,0x00,0x00,0x00,0x00,0xc0,0x00,0x00,0x00,0x00,0x00,0x00,0x60,0x80,0x00,0x00,0x00,0x00,0x00,0x80,0x00,0x00,0x00,0x00,0x03,0x00,0x4c,0x00,0x00,0x00,0x00,0xc0,0xff,0xff,0x03,0xf0,0xfc,0xff,0x86,0xff,0xfb,0xff,0xff,0x7f,0x00,0x00,0x00,0x18,0x00,0x98,0x01,0x02,0x03,0x40,0xcc,0x0c,0x62,0x10,0x00,0xc0,0x78,0x7c,0x00,0x8c,0x81,0x0f,0x03,0x70,0xcc,0x30,0x82,0x11,0x00,0x80,0xc8,0x84,0x00,0x84,0x61,0x32,0x03,0x4e,0xcc,0xa0,0x03,0x1d,0x00,0x80,0x88,0x80,0x80,0x84,0x19,0x22,0x03,0x43,0xcc,0x60,0x02,0x13,0x00,0x00,0x81,0x80,0x80,0x98,0x19,0x22,0x03,0x43,0xcc,0x64,0x22,0x13,0x00,0x00,0x83,0xfc,0x80,0x80,0x61,0x3a,0x03,0x4c,0xcc,0x24,0x22,0x11,0x00,0x00,0xc6,0x38,0x80,0x81,0x81,0x02,0x03,0x50,0xcc,0x18,0xc2,0x10,0x00,0x00,0x7c,0xc0,0x00,0xff,0x01,0x03,0x03,0x60,0xcc,0x00,0x02,0x10,0x00,0x00,0x20,0x80,0x03,0x80,0x01,0x03,0x03,0x40,0xcc,0x00,0x02,0x10,0x00,0x00,0x20,0x00,0x01,0x00,0x00,0x00,0x00,0x00,0x00,0x00,0x00,0x00,0x00,0x00,0x3c,0x00,0x00,0x00,0x00,0x00,0x00,0x00,0x00,0x00,0x00,0x00,0x00,0x00,0xe6,0x00,0x00,0x00,0x00,0x00,0x00,0x00,0x00,0x00,0x00,0x00,0x00,0x00,0xb2,0x01,0x00,0x00,0x00,0x00,0x00,0x00,0x00,0x00,0x00,0x00,0x00,0x00,0x1c,0x01,0x00,0x00,0x00,0x00,0x00,0x00,0x00,0x00,0x00,0x00,0x00,0x00,0x00,0x00,0x00,0x00,0x00,0x00,0x00,0x00,0x00,0x00,0x00,0x00,0x00};
#define BN_PHRASE_12_W 110
#define BN_PHRASE_12_H 56
static const uint8_t bn_phrase_13[154] = {0x00,0x00,0x00,0x00,0x00,0x00,0x00,0x00,0x00,0x00,0x00,0x00,0x10,0x00,0x00,0x00,0x00,0x00,0x00,0x30,0x00,0x00,0x00,0x00,0x00,0x00,0xe0,0x07,0x00,0x00,0x00,0x00,0x00,0x00,0x04,0x00,0x00,0x00,0x00,0x00,0x00,0x04,0xf0,0xff,0x00,0x9e,0xff,0xff,0x1f,0x18,0x20,0x00,0x33,0x40,0x40,0x00,0x04,0x20,0x80,0x31,0xf0,0x41,0x00,0x06,0x27,0x80,0x30,0x4c,0x46,0x0e,0x82,0x28,0x90,0x30,0x43,0x44,0x08,0x82,0x30,0x10,0x33,0x43,0x44,0x08,0x82,0x21,0x10,0x30,0x4c,0x47,0x08,0x02,0x21,0x30,0x30,0x50,0x40,0x0c,0x06,0x20,0xe0,0x3f,0x60,0x40,0x06,0x3c,0x20,0x00,0x30,0x60,0xc0,0x03,0x00,0x00,0x00,0x00,0x00,0x00,0x02,0x00,0x00,0x00,0x00,0x00,0xc0,0x03,0x00,0x00,0x00,0x00,0x00,0x60,0x0e,0x00,0x00,0x00,0x00,0x00,0x20,0x1b,0x00,0x00,0x00,0x00,0x00,0xc0,0x11,0x00,0x00,0x00,0x00,0x00,0x00,0x00};
#define BN_PHRASE_13_W 54
#define BN_PHRASE_13_H 22
static const uint8_t bn_phrase_14[448] = {0x00,0x00,0x00,0x00,0x00,0x00,0x00,0x00,0x00,0x00,0x00,0x00,0x00,0x00,0x00,0x00,0x00,0x00,0x00,0x00,0x00,0x00,0x00,0x00,0x80,0x07,0x00,0x00,0x00,0x00,0x00,0x00,0x00,0x00,0x00,0x00,0x00,0x00,0xc0,0x18,0x00,0x00,0x00,0x00,0x00,0x00,0x00,0x00,0x00,0x00,0x00,0x00,0x20,0x60,0x00,0x00,0x00,0x00,0x00,0x00,0x00,0x00,0x00,0x00,0x00,0x00,0x30,0x40,0x00,0x00,0x00,0xc0,0x00,0x00,0x18,0x00,0x06,0x00,0x00,0x00,0x20,0x00,0x00,0x00,0xfe,0xbf,0xff,0xff,0xf7,0xff,0xfd,0xff,0xff,0x7f,0xf0,0xff,0xff,0x1f,0x00,0xc0,0x30,0x80,0x18,0x20,0x66,0x10,0x0c,0x00,0x60,0x06,0x18,0x04,0x66,0xc6,0x08,0x80,0x18,0x38,0x86,0x11,0x32,0x1e,0x60,0x86,0x60,0x04,0x24,0xc7,0x0c,0xff,0x18,0x27,0x06,0x1d,0x23,0x32,0x60,0xe6,0x41,0x07,0xe4,0xc5,0x84,0x98,0x98,0x21,0x06,0x13,0x21,0x22,0x60,0x9e,0xc0,0x04,0x0c,0xcc,0x84,0x88,0x98,0x21,0x26,0x13,0x41,0x20,0x60,0x8e,0xc8,0x04,0x08,0xcc,0x84,0x81,0x18,0x26,0x26,0x11,0xc1,0x20,0x60,0x86,0x48,0x04,0x18,0xc4,0x04,0x83,0x18,0x28,0xc6,0x10,0x81,0x31,0x60,0x80,0x30,0x04,0x30,0xc6,0x0c,0x80,0x18,0x30,0x06,0x10,0x03,0x1f,0x60,0x80,0x00,0x04,0xc0,0xc3,0x78,0x80,0x18,0x20,0x06,0x10,0x1e,0x00,0x60,0x80,0x00,0x04,0x00,0x00,0x00,0x00,0x00,0x00,0x00,0x00,0x00,0x00,0x00,0x00,0x00,0x00,0x00,0x00,0x00,0x00,0x00,0x00,0x00,0x00,0x00,0x00,0x00,0x00,0x00,0x00,0x00,0x00,0x00,0x00,0x00,0x00,0x00,0x00,0x00,0x00,0x00,0x00,0x00,0x00,0x00,0x00,0x00,0x00,0x00,0x00,0x00,0x00,0x00,0x00,0x00,0x00,0x00,0x00,0x00,0x00,0x00,0x00,0x00,0x00,0x60,0x00,0x00,0x00,0x00,0x00,0x00,0x00,0x00,0x00,0x00,0x00,0x00,0xfe,0xdf,0xfe,0xff,0x00,0x00,0x00,0x00,0x00,0x00,0x00,0x00,0x00,0x00,0x33,0x64,0x30,0x20,0x00,0x00,0x00,0x00,0x00,0x00,0x00,0x00,0x00,0x80,0x40,0x64,0x08,0x38,0x00,0x00,0x00,0x00,0x00,0x00,0x00,0x00,0x00,0xc0,0xc0,0x64,0x0c,0x27,0x00,0x00,0x00,0x00,0x00,0x00,0x00,0x00,0x00,0x40,0xe0,0x64,0x84,0x21,0x00,0x00,0x00,0x00,0x00,0x00,0x00,0x00,0x00,0x40,0x30,0x65,0x84,0x21,0x00,0x00,0x00,0x00,0x00,0x00,0x00,0x00,0x00,0x40,0x10,0x66,0x04,0x26,0x00,0x00,0x00,0x00,0x00,0x00,0x00,0x00,0x00,0x40,0x30,0x64,0x04,0x28,0x00,0x00,0x00,0x00,0x00,0x00,0x00,0x00,0x00,0xc0,0x60,0x64,0x0c,0x33,0x00,0x00,0x00,0x00,0x00,0x00,0x00,0x00,0x00,0x80,0x07,0x64,0x78,0x20,0x00,0x00,0x00,0x00,0x00,0x00,0x00,0x00,0x00,0x00,0x00,0x00,0x00,0x00,0x00,0x00,0x00,0x00,0x00};
#define BN_PHRASE_14_W 110
#define BN_PHRASE_14_H 32
static const uint8_t bn_phrase_15[171] = {0x00,0x00,0x00,0x00,0x00,0x00,0x00,0x00,0x00,0x00,0x1e,0x20,0x00,0xfc,0x00,0x00,0x00,0x00,0x00,0x63,0x60,0x00,0x86,0x03,0x00,0x00,0x00,0x8e,0x80,0xc1,0x1f,0x03,0x0c,0x00,0x00,0x07,0xc6,0x00,0x01,0x90,0x01,0x08,0x00,0x00,0x04,0x86,0x00,0x00,0x10,0x01,0x00,0x00,0x00,0x04,0xc6,0xff,0xff,0xff,0xff,0xff,0xff,0x7f,0x04,0x86,0x19,0x02,0x03,0x03,0x0e,0x00,0x02,0x04,0x86,0x21,0x32,0x23,0x1b,0x19,0x80,0x0f,0x04,0x86,0x61,0x22,0x33,0x93,0xe0,0x61,0x32,0x04,0x86,0x71,0x22,0x3a,0x93,0x9c,0x18,0x22,0x04,0x86,0x99,0x62,0x2e,0x23,0x97,0x18,0x22,0x04,0x86,0x09,0x43,0x60,0x63,0x90,0x60,0x3a,0x04,0x86,0x19,0xc2,0x20,0xc3,0x98,0x80,0x02,0x04,0x86,0x31,0x82,0x31,0x83,0x8f,0x00,0x03,0x04,0x86,0x01,0x02,0x1e,0x03,0x80,0x00,0x03,0x04,0x06,0x00,0x00,0x00,0x00,0x00,0x00,0x00,0x04,0x0e,0x00,0x00,0x00,0x00,0x00,0x00,0x00,0x07,0x00,0x00,0x00,0x00,0x00,0x00,0x00,0x00,0x00};
#define BN_PHRASE_15_W 68
#define BN_PHRASE_15_H 19
static const uint8_t bn_phrase_16[119] = {0x00,0x00,0x00,0x00,0x00,0x00,0x00,0x0e,0x00,0x00,0x00,0x00,0x00,0x70,0x06,0x00,0x00,0x00,0x00,0x00,0x40,0x06,0x80,0x00,0x04,0x00,0x80,0x41,0x06,0x9e,0xdf,0x9d,0xf3,0x7f,0x43,0x06,0xe3,0x71,0xc6,0x66,0x90,0x41,0x86,0xe1,0x21,0x44,0x84,0x91,0x41,0x06,0x97,0x71,0x84,0x03,0x9d,0x41,0x06,0x8c,0xd9,0x05,0x00,0x93,0x41,0x86,0x86,0x01,0xc4,0x20,0x93,0x41,0x86,0x80,0x01,0x84,0x21,0x91,0x41,0x86,0x80,0x01,0x04,0xc3,0x90,0x41,0x86,0x81,0x01,0x04,0x06,0x90,0x41,0x06,0xff,0x01,0x04,0x0c,0x90,0x41,0x06,0x80,0x01,0x00,0x04,0x00,0x40,0x0e,0x00,0x00,0x00,0x00,0x00,0x70,0x00,0x00,0x00,0x00,0x00,0x00,0x00};
#define BN_PHRASE_16_W 56
#define BN_PHRASE_16_H 17
static const uint8_t bn_phrase_17[171] = {0x00,0x00,0x00,0x00,0x00,0x00,0x00,0x00,0x00,0x00,0x1e,0x20,0x00,0xfc,0x00,0x00,0x00,0x00,0x00,0x63,0x60,0x00,0x86,0x03,0x00,0x00,0x00,0x8e,0x80,0xc1,0x1f,0x03,0x0c,0x00,0x00,0x07,0xc6,0x00,0x01,0x90,0x01,0x08,0x00,0x00,0x04,0x86,0x00,0x00,0x10,0x01,0x00,0x00,0x00,0x04,0xc6,0xff,0xff,0xff,0xff,0xff,0xff,0x7f,0x04,0x86,0x19,0x02,0x03,0x03,0x0e,0x00,0x02,0x04,0x86,0x21,0x32,0x23,0x1b,0x19,0x80,0x0f,0x04,0x86,0x61,0x22,0x33,0x93,0xe0,0x61,0x32,0x04,0x86,0x71,0x22,0x3a,0x93,0x9c,0x18,0x22,0x04,0x86,0x99,0x62,0x2e,0x23,0x97,0x18,0x22,0x04,0x86,0x09,0x43,0x60,0x63,0x90,0x60,0x3a,0x04,0x86,0x19,0xc2,0x20,0xc3,0x98,0x80,0x02,0x04,0x86,0x31,0x82,0x31,0x83,0x8f,0x00,0x03,0x04,0x86,0x01,0x02,0x1e,0x03,0x80,0x00,0x03,0x04,0x06,0x00,0x00,0x00,0x00,0x00,0x00,0x00,0x04,0x0e,0x00,0x00,0x00,0x00,0x00,0x00,0x00,0x07,0x00,0x00,0x00,0x00,0x00,0x00,0x00,0x00,0x00};
#define BN_PHRASE_17_W 68
#define BN_PHRASE_17_H 19
static const uint8_t bn_phrase_18[119] = {0x00,0x00,0x00,0x00,0x00,0x00,0x00,0x0e,0x00,0x00,0x00,0x00,0x00,0x70,0x06,0x00,0x00,0x00,0x00,0x00,0x40,0x06,0x80,0x00,0x04,0x00,0x80,0x41,0x06,0x9e,0xdf,0x9d,0xf3,0x7f,0x43,0x06,0xe3,0x71,0xc6,0x66,0x90,0x41,0x86,0xe1,0x21,0x44,0x84,0x91,0x41,0x06,0x97,0x71,0x84,0x03,0x9d,0x41,0x06,0x8c,0xd9,0x05,0x00,0x93,0x41,0x86,0x86,0x01,0xc4,0x20,0x93,0x41,0x86,0x80,0x01,0x84,0x21,0x91,0x41,0x86,0x80,0x01,0x04,0xc3,0x90,0x41,0x86,0x81,0x01,0x04,0x06,0x90,0x41,0x06,0xff,0x01,0x04,0x0c,0x90,0x41,0x06,0x80,0x01,0x00,0x04,0x00,0x40,0x0e,0x00,0x00,0x00,0x00,0x00,0x70,0x00,0x00,0x00,0x00,0x00,0x00,0x00};
#define BN_PHRASE_18_W 56
#define BN_PHRASE_18_H 17
static const uint8_t bn_phrase_19[840] = {0x00,0x00,0x00,0x00,0x00,0x00,0x00,0x00,0x00,0x00,0x00,0x00,0x00,0x00,0x00,0x00,0x00,0x00,0x00,0x00,0x00,0x00,0x00,0x00,0x78,0x00,0x78,0x00,0x00,0x00,0x00,0x00,0x00,0x00,0x00,0x00,0x00,0x00,0x8c,0x01,0x8c,0x01,0x00,0x00,0x00,0x00,0x00,0x00,0x00,0x00,0x00,0x00,0x02,0x06,0x02,0x06,0x00,0x00,0x00,0x00,0x00,0x00,0x00,0x00,0x00,0x00,0x03,0x04,0x03,0x04,0x00,0x00,0x00,0x00,0x00,0x00,0x00,0x00,0x00,0x00,0x02,0x00,0x02,0x00,0xfe,0xff,0xff,0xff,0xf0,0xff,0xff,0x1f,0xfc,0xff,0xef,0xff,0xff,0x3f,0x18,0x60,0x80,0x61,0x00,0x08,0x36,0x0c,0x00,0x07,0x06,0x06,0x06,0x08,0x78,0x60,0x08,0x66,0x00,0x08,0xc1,0x0c,0x8c,0x0c,0x66,0x06,0x06,0x0e,0x8c,0x66,0x1e,0x64,0xc0,0x89,0x81,0x0c,0x48,0xf0,0x46,0x66,0xc6,0x09,0x84,0xef,0x09,0x63,0x20,0x8a,0x60,0x0c,0x48,0x4e,0x46,0x74,0x66,0x08,0x80,0xe4,0x88,0x60,0x20,0x8c,0x10,0x0c,0x90,0x4b,0xc6,0x5c,0x66,0x08,0xfc,0x64,0x88,0x67,0x60,0x88,0xf0,0x0c,0x30,0x48,0x86,0xc0,0x86,0x09,0x3c,0x04,0x08,0x6c,0x40,0x88,0x80,0x0d,0x60,0x4c,0x86,0x41,0x06,0x0a,0x60,0x0c,0x08,0x73,0x00,0x88,0x61,0x0e,0xc0,0x47,0x06,0x63,0x06,0x0c,0x80,0x01,0x08,0x60,0x00,0x08,0x0f,0x0c,0x00,0x40,0x06,0x3e,0x06,0x08,0x00,0x03,0x00,0x00,0x00,0x00,0x00,0x00,0x00,0x00,0x00,0x0c,0x00,0x00,0x00,0x00,0x00,0x00,0x00,0x00,0x00,0x00,0x00,0x00,0x00,0x00,0x00,0x00,0x00,0x00,0x00,0x00,0x00,0x00,0x00,0x00,0x00,0x00,0x00,0x00,0x00,0x00,0x00,0x00,0x00,0x00,0x00,0x00,0x00,0x00,0x00,0x00,0x00,0x00,0x00,0x00,0x00,0x00,0x00,0x00,0x00,0x00,0x00,0x00,0x00,0x00,0x00,0x00,0x00,0x00,0x00,0x00,0x00,0x00,0x00,0x00,0x02,0x00,0x0f,0x00,0x00,0x00,0x00,0x00,0x00,0x00,0x00,0x00,0x00,0x00,0x02,0x80,0x31,0x00,0x00,0x00,0x00,0x00,0x00,0x00,0x00,0x00,0x00,0x00,0x7c,0x40,0xc0,0x00,0x00,0x00,0x00,0x00,0x00,0x00,0x00,0x00,0x00,0x00,0xc0,0x60,0x80,0x00,0x00,0x00,0x00,0x00,0x00,0x00,0x40,0x00,0x00,0x00,0x80,0x40,0x00,0x00,0x00,0x00,0x00,0x00,0xf0,0xbf,0xc8,0xff,0x87,0xff,0xff,0xe3,0xff,0xff,0x3f,0xc0,0xff,0x03,0x60,0x98,0xdc,0x00,0x01,0x40,0x18,0xc0,0x00,0x31,0x08,0x60,0x80,0x00,0x80,0x99,0xd7,0x00,0x01,0x70,0x7c,0xc0,0x00,0xc1,0x08,0x10,0xe0,0x00,0x00,0x19,0xd0,0x38,0x01,0x4e,0x84,0xc0,0x38,0x81,0x0e,0x18,0x9c,0x00,0xc0,0x18,0xcc,0x44,0x01,0x43,0x80,0xc0,0x44,0x81,0x09,0x08,0x86,0x00,0x20,0x18,0xc3,0x84,0x01,0x43,0x80,0xc0,0x84,0x91,0x09,0x08,0x86,0x00,0xe0,0x19,0xcc,0x0c,0x01,0x4c,0xfc,0xc0,0x0c,0x91,0x08,0x08,0x98,0x00,0x00,0x1b,0xf0,0x08,0x01,0x50,0x38,0xc0,0x08,0x61,0x08,0x08,0xa0,0x00,0x00,0x1c,0xe0,0x00,0x01,0x60,0xc0,0xc0,0x00,0x01,0x08,0x18,0xcc,0x00,0x00,0x18,0xc0,0x00,0x01,0x40,0x80,0xc3,0x00,0x01,0x08,0xf0,0x80,0x00,0x00,0x00,0x00,0x00,0x00,0x00,0x00,0x01,0x00,0x00,0x00,0x00,0x00,0x00,0x00,0x00,0x00,0x00,0x00,0x00,0x00,0x00,0x00,0x00,0x00,0x00,0x00,0x00,0x00,0x00,0x00,0x00,0x00,0x00,0x00,0x00,0x00,0x00,0x00,0x00,0x00,0x00,0x00,0x00,0x00,0x00,0x00,0x00,0x00,0x00,0x00,0x00,0x00,0x00,0x00,0x00,0x00,0x00,0x00,0x00,0x00,0x00,0x00,0x00,0x00,0x00,0x00,0x00,0x00,0x00,0x00,0x00,0x00,0x00,0x20,0x00,0x00,0x00,0x00,0x00,0x00,0x00,0x00,0x00,0x00,0x00,0x00,0x00,0x20,0x00,0x00,0x00,0x00,0x00,0x00,0x00,0x00,0x00,0x00,0x00,0x00,0x00,0xc0,0x07,0x00,0x00,0x00,0x00,0x00,0x00,0x00,0x00,0x00,0x00,0x00,0x00,0x00,0x0c,0x00,0x00,0x00,0x00,0x00,0x00,0x00,0x00,0x00,0x00,0x00,0x00,0x00,0x08,0x00,0x00,0x0c,0x00,0x00,0x00,0x00,0x00,0x00,0x00,0x00,0xfc,0xff,0x3f,0xc0,0xff,0xdb,0xff,0x1f,0x00,0x00,0x00,0x00,0x00,0x00,0x00,0x80,0x01,0x60,0x43,0x0c,0x06,0x04,0x00,0x00,0x00,0x00,0x00,0x00,0x8c,0xc7,0x07,0x10,0x44,0x0c,0x01,0x07,0x00,0x00,0x00,0x00,0x00,0x00,0x88,0x4c,0x08,0x18,0x4c,0x8c,0xe1,0x04,0x00,0x00,0x00,0x00,0x00,0x00,0x88,0x08,0x08,0x08,0x4e,0x8c,0x30,0x04,0x00,0x00,0x00,0x00,0x00,0x00,0x10,0x08,0x08,0x08,0x53,0x8c,0x30,0x04,0x00,0x00,0x00,0x00,0x00,0x00,0x30,0xc8,0x0f,0x08,0x61,0x8c,0xc0,0x04,0x00,0x00,0x00,0x00,0x00,0x00,0x60,0x8c,0x03,0x08,0x43,0x8c,0x00,0x05,0x00,0x00,0x00,0x00,0x00,0x00,0xc0,0x07,0x0c,0x18,0x46,0x8c,0x61,0x06,0x00,0x00,0x00,0x00,0x00,0x00,0x00,0x02,0x38,0xf0,0x40,0x0c,0x0f,0x04,0x00,0x00,0x00,0x00,0x00,0x00,0x00,0x02,0x10,0x00,0x00,0x00,0x00,0x00,0x00,0x00,0x00,0x00,0x00,0x00,0xc0,0x03,0x00,0x00,0x00,0x00,0x00,0x00,0x00,0x00,0x00,0x00,0x00,0x00,0x60,0x0e,0x00,0x00,0x00,0x00,0x00,0x00,0x00,0x00,0x00,0x00,0x00,0x00,0x20,0x1b,0x00,0x00,0x00,0x00,0x00,0x00,0x00,0x00,0x00};
#define BN_PHRASE_19_W 111
#define BN_PHRASE_19_H 60
static const uint8_t bn_phrase_20[741] = {0x00,0x00,0x00,0x00,0x00,0x00,0x00,0x00,0x00,0x00,0x00,0x00,0x00,0x00,0x00,0x00,0x00,0x00,0x00,0x00,0x00,0x00,0x00,0x08,0x00,0x00,0x00,0x00,0x00,0x00,0x00,0x00,0x00,0x00,0x00,0x00,0x08,0x00,0x00,0x00,0x00,0x00,0x00,0x00,0x00,0x00,0x00,0x00,0x00,0xf0,0x01,0x00,0x00,0x00,0x00,0x00,0x00,0x00,0x00,0x00,0x00,0x00,0x00,0x03,0x00,0x00,0x00,0x18,0x00,0x00,0x00,0x06,0x00,0x18,0x00,0x00,0x02,0x00,0xc0,0xff,0xf7,0xff,0xff,0xff,0x0d,0xff,0x37,0xfc,0xff,0x0f,0x00,0x00,0x00,0x98,0x41,0x30,0x20,0x06,0x80,0x18,0x30,0x60,0x00,0x00,0xc0,0xcc,0x18,0x46,0x08,0x38,0x06,0x80,0x18,0xf0,0xf0,0x01,0x00,0x80,0xe4,0x18,0x74,0x0c,0x27,0x06,0x9c,0x18,0x18,0x11,0x02,0x00,0x80,0xbc,0x18,0x4c,0x84,0x21,0x06,0xa2,0x18,0x08,0x01,0x02,0x00,0x80,0x81,0x99,0x4c,0x84,0x21,0x06,0xc2,0x18,0x00,0x01,0x02,0x00,0x00,0x81,0x99,0x44,0x04,0x26,0x06,0x86,0x18,0xf8,0xf1,0x03,0x00,0x00,0x83,0x18,0x43,0x04,0x28,0x06,0x84,0x18,0x78,0xe0,0x00,0x00,0x00,0xc6,0x18,0x40,0x0c,0x30,0x06,0x80,0x18,0xc0,0x00,0x03,0x00,0x00,0x78,0x18,0x40,0x78,0x20,0x06,0x80,0x18,0x00,0x03,0x0e,0x00,0x00,0x00,0x00,0x00,0x00,0x00,0x00,0x00,0x00,0x00,0x06,0x04,0x00,0x00,0x00,0x00,0x00,0x00,0x00,0x00,0x00,0x00,0x00,0x00,0x00,0x00,0x00,0x00,0x00,0x00,0x00,0x00,0x00,0x00,0x00,0x00,0x00,0x00,0x00,0x00,0x00,0x00,0x00,0x00,0x00,0x00,0x00,0x00,0x00,0x00,0x00,0x00,0x00,0x00,0x00,0x00,0x00,0x00,0x00,0x00,0x00,0x00,0x00,0x00,0x00,0x00,0x00,0x00,0x00,0x00,0x3c,0x00,0x00,0x00,0x00,0x00,0x00,0x00,0x00,0x00,0x00,0x00,0x00,0xc6,0x00,0x00,0x00,0x00,0x00,0x00,0x00,0x00,0x00,0x00,0x00,0x00,0x01,0x03,0x00,0x00,0x00,0x00,0x00,0x00,0x00,0x00,0x00,0x00,0x80,0x01,0x02,0x00,0x00,0x00,0x00,0x00,0x00,0x00,0x00,0x00,0x00,0x00,0x01,0x00,0x00,0x00,0x00,0x00,0x80,0x00,0xfe,0xff,0xff,0xff,0x87,0xff,0xff,0xff,0x7f,0xf8,0x7f,0x9e,0x03,0x0c,0x00,0x0e,0x00,0x01,0x33,0x04,0x03,0x10,0x80,0x91,0xb1,0x00,0x0c,0x19,0x19,0x00,0x01,0x43,0x84,0x00,0x10,0x80,0xd1,0xf3,0x00,0xcc,0x93,0xe0,0x39,0x01,0xc3,0xc4,0xe0,0x1f,0x90,0x13,0xda,0x00,0x3c,0x91,0x9c,0x44,0x01,0xe3,0x44,0x10,0x13,0x60,0x1e,0x8e,0x00,0x1c,0x21,0x97,0x84,0x01,0x33,0x45,0x10,0x11,0x00,0x16,0x82,0x00,0x0c,0x61,0x90,0x0c,0x01,0x13,0x46,0x30,0x10,0x80,0x11,0x9c,0x00,0x00,0xc1,0x98,0x08,0x01,0x33,0x44,0x60,0x10,0x00,0x13,0xa6,0x00,0x00,0x81,0x8f,0x00,0x01,0x63,0xc4,0x00,0x10,0x00,0x1c,0xc6,0x00,0x00,0x01,0x80,0x00,0x01,0x03,0x84,0x07,0x10,0x00,0x18,0x8c,0x00,0x00,0x01,0x00,0x00,0x00,0x00,0x00,0x00,0x00,0x00,0x00,0x00,0x00,0xe0,0x01,0x00,0x00,0x00,0x00,0x00,0x00,0x00,0x00,0x00,0x00,0x00,0x30,0x03,0x00,0x00,0x00,0x00,0x00,0x00,0x00,0x00,0x00,0x00,0x00,0x10,0x0d,0x00,0x00,0x00,0x00,0x00,0x00,0x00,0x00,0x00,0x00,0x00,0xe0,0x08,0x00,0x00,0x00,0x00,0x00,0x00,0x00,0x00,0x00,0x00,0x00,0x00,0x00,0x00,0x00,0x00,0x00,0x00,0x00,0x00,0x00,0x00,0x00,0x00,0x00,0x00,0x00,0x00,0x00,0x00,0x00,0x00,0x00,0x00,0x00,0x00,0x00,0x00,0x00,0x00,0x00,0x00,0x00,0x00,0x00,0x00,0x00,0x00,0x00,0x00,0x00,0x00,0x00,0x00,0x00,0x00,0x00,0x00,0x00,0x00,0x00,0x00,0x00,0x00,0x00,0x00,0x00,0x60,0x00,0x00,0x00,0x00,0x00,0x00,0x00,0x00,0x00,0x00,0x80,0xff,0xdf,0xff,0x1f,0xfc,0xff,0x7f,0x00,0x00,0x00,0x00,0x00,0xc0,0x00,0x64,0x80,0x00,0x10,0x00,0x10,0x00,0x00,0x00,0x00,0x00,0x20,0x00,0x64,0xe0,0x03,0x30,0x00,0x10,0x00,0x00,0x00,0x00,0x00,0x30,0xf8,0x67,0x98,0x0c,0xf0,0xe3,0x1f,0x00,0x00,0x00,0x00,0x00,0x10,0xc4,0x64,0x86,0x08,0x10,0x12,0x13,0x00,0x00,0x00,0x00,0x00,0x10,0x44,0x64,0x86,0x08,0x10,0x12,0x11,0x00,0x00,0x00,0x00,0x00,0x10,0x0c,0x64,0x98,0x0e,0x10,0x32,0x10,0x00,0x00,0x00,0x00,0x00,0x10,0x18,0x64,0xa0,0x00,0x10,0x63,0x10,0x00,0x00,0x00,0x00,0x00,0x30,0x00,0x64,0xc0,0x00,0x90,0x01,0x10,0x00,0x00,0x00,0x00,0x00,0xe0,0x01,0x64,0xc0,0x00,0xf0,0x00,0x10,0x00,0x00,0x00,0x00,0x00,0x00,0x00,0x00,0x00,0x00,0x00,0x00,0x00,0x00,0x00,0x00};
#define BN_PHRASE_20_W 99
#define BN_PHRASE_20_H 57
static const uint8_t bn_phrase_21[960] = {0x00,0x00,0x00,0x00,0x00,0x00,0x00,0x00,0x00,0x00,0x00,0x00,0x00,0x00,0x00,0x00,0x00,0x00,0x00,0x00,0x04,0x00,0x00,0x00,0x00,0x00,0x00,0x00,0x06,0x00,0x00,0x00,0x00,0xfc,0xff,0x8f,0xdc,0xff,0xf8,0xff,0xff,0x1f,0xe0,0xff,0xfd,0x3f,0x00,0x00,0x00,0x18,0x04,0xcb,0x0d,0x20,0x30,0x0c,0x03,0x04,0xb0,0x21,0x06,0x08,0x00,0x00,0x00,0x60,0x84,0x78,0x0d,0x38,0x10,0x8c,0x00,0x07,0x08,0x22,0x06,0x0e,0x00,0x00,0x00,0x40,0xc7,0x00,0x0d,0x27,0xb0,0xcd,0xe0,0x04,0x0c,0x26,0xc6,0x09,0x00,0x00,0x00,0xc0,0x44,0xc0,0x8c,0x21,0xc0,0x4c,0x30,0x04,0x04,0x27,0x66,0x08,0x00,0x00,0x00,0xc8,0x44,0x30,0x8c,0x21,0x30,0x4c,0x30,0x04,0x84,0x29,0x66,0x08,0x00,0x00,0x00,0x48,0x44,0xc0,0x0c,0x26,0x60,0x4c,0xc0,0x04,0x84,0x30,0x86,0x09,0x00,0x00,0x00,0x30,0x44,0x00,0x0f,0x28,0xe0,0x4d,0x00,0x05,0x84,0x21,0x06,0x0a,0x00,0x00,0x00,0x00,0xc4,0x00,0x0e,0x33,0x00,0xce,0x60,0x06,0x0c,0x23,0xc6,0x0c,0x00,0x00,0x00,0x00,0x84,0x07,0x0c,0x20,0x00,0x8c,0x07,0x04,0x78,0x20,0x06,0x08,0x00,0x00,0x00,0x00,0x04,0x00,0x00,0x00,0x00,0x00,0x00,0x00,0x00,0x00,0x00,0x00,0x00,0x00,0x00,0x80,0x07,0x00,0x00,0x00,0x00,0x00,0x00,0x00,0x00,0x00,0x00,0x00,0x00,0x00,0x00,0xc0,0x0c,0x00,0x00,0x00,0x00,0x00,0x00,0x00,0x00,0x00,0x00,0x00,0x00,0x00,0x00,0x40,0x34,0x00,0x00,0x00,0x00,0x00,0x00,0x00,0x00,0x00,0x00,0x00,0x00,0x00,0x00,0x80,0x23,0x00,0x00,0x00,0x00,0x00,0x00,0x00,0x00,0x00,0x00,0x00,0x00,0x00,0x00,0x00,0x00,0x00,0x00,0x00,0x00,0x00,0x00,0x00,0x00,0x00,0x00,0x00,0x00,0x00,0x00,0x00,0x00,0x00,0x00,0x00,0x00,0x00,0x00,0x00,0x00,0x00,0x00,0x00,0x00,0x00,0x00,0x00,0x00,0x00,0x00,0x00,0x00,0x00,0x00,0x00,0x00,0x00,0x00,0x00,0x00,0x00,0x00,0x00,0x00,0x00,0x00,0x00,0x00,0x00,0x00,0x00,0x00,0x00,0x00,0x00,0x00,0x00,0x00,0x00,0x00,0x00,0x00,0x00,0x00,0x00,0x00,0x40,0x00,0x00,0x00,0x00,0x00,0x00,0x00,0x00,0x00,0x00,0x00,0x00,0x00,0x00,0x00,0x40,0x00,0x00,0x00,0x00,0x00,0x00,0x00,0x00,0x00,0x00,0x00,0x00,0x00,0x00,0x00,0x80,0x0f,0x00,0x00,0x00,0x00,0x00,0x00,0x00,0x00,0x00,0x00,0x00,0x00,0x00,0x00,0x00,0x18,0x00,0x00,0x00,0x00,0x00,0x00,0x00,0x00,0x00,0xc0,0x00,0x00,0x30,0x00,0x00,0x10,0x00,0x00,0x00,0x60,0x00,0xfe,0xff,0x3f,0xfc,0xbf,0xff,0xff,0x6f,0xf8,0xff,0x7f,0x00,0x9e,0xff,0xdf,0x00,0x0c,0x02,0x08,0x00,0xc0,0x30,0x00,0x31,0x00,0x00,0x03,0x00,0x33,0x40,0x60,0x00,0x30,0x02,0x0e,0xcc,0xcc,0x08,0x00,0x31,0x18,0x8f,0x0f,0x80,0x31,0xf0,0x61,0x00,0xa0,0xc3,0x09,0x48,0xce,0x0c,0xfe,0x31,0x10,0x99,0x10,0x80,0x30,0x4c,0x66,0x00,0x60,0x62,0x08,0xc8,0xcb,0x04,0x31,0x31,0x10,0x11,0x10,0x90,0x30,0x43,0x64,0x00,0x64,0x62,0x08,0x18,0xd8,0x04,0x11,0x31,0x20,0x10,0x10,0x10,0x33,0x43,0x64,0x00,0x24,0x82,0x09,0x10,0xd8,0x04,0x03,0x31,0x60,0x90,0x1f,0x10,0x30,0x4c,0x67,0x00,0x18,0x02,0x0a,0x30,0xc8,0x04,0x06,0x31,0xc0,0x18,0x07,0x30,0x30,0x50,0x60,0x00,0x00,0x02,0x0c,0x60,0xcc,0x0c,0x00,0x31,0x80,0x0f,0x18,0xe0,0x3f,0x60,0x60,0x00,0x00,0x02,0x08,0x80,0xc7,0x78,0x00,0x31,0x00,0x04,0x70,0x00,0x30,0x60,0x60,0x00,0x00,0x00,0x00,0x00,0x00,0x00,0x00,0x00,0x00,0x04,0x20,0x00,0x00,0x00,0x00,0x00,0x00,0x00,0x00,0x00,0x00,0x00,0x00,0x00,0x80,0x07,0x00,0x00,0x00,0x00,0x00,0x00,0x00,0x00,0x00,0x00,0x00,0x00,0x00,0x00,0xc0,0x1c,0x00,0x00,0x00,0x00,0x00,0x00,0x00,0x00,0x00,0x00,0x00,0x00,0x00,0x00,0x40,0x36,0x00,0x00,0x00,0x00,0x00,0x00,0x00,0x00,0x00,0x00,0x00,0x00,0x00,0x00,0x80,0x23,0x00,0x00,0x00,0x00,0x00,0x00,0x00,0x00,0x00,0x00,0x00,0x00,0x00,0x00,0x00,0x00,0x00,0x00,0x00,0x00,0x00,0x00,0x00,0x00,0x00,0x00,0x00,0x00,0x00,0x00,0x00,0x00,0x00,0x00,0x00,0x00,0x00,0x00,0x00,0x00,0x00,0x00,0x00,0x00,0x00,0x00,0x00,0x00,0x00,0x00,0x00,0x00,0x00,0x00,0x00,0x00,0x00,0x00,0x00,0x00,0x00,0x00,0x00,0x00,0x00,0x00,0x00,0x00,0x00,0x00,0x00,0x00,0x00,0x00,0x00,0x80,0x07,0x00,0x00,0x00,0x00,0x00,0x00,0x00,0x00,0x00,0x00,0x00,0x00,0x00,0x00,0xc0,0x18,0x00,0x00,0x00,0x00,0x00,0x00,0x00,0x00,0x00,0x00,0x00,0x00,0x00,0x00,0x20,0x60,0x00,0x00,0x00,0x00,0x00,0x00,0x00,0x00,0x00,0x00,0x00,0x00,0x00,0x00,0x30,0x40,0x00,0x00,0x00,0x00,0x00,0x00,0x00,0x00,0x00,0x00,0x00,0x00,0x00,0x00,0x26,0x00,0x00,0x00,0x00,0x00,0x00,0x00,0x00,0x00,0x00,0x00,0x00,0x00,0xc0,0xff,0xfd,0xff,0xff,0x3f,0xc0,0xff,0x03,0x00,0x00,0x00,0x00,0x00,0x00,0x00,0x00,0x20,0x66,0x06,0x31,0x08,0x60,0x80,0x00,0x00,0x00,0x00,0x00,0x00,0x00,0x00,0x00,0x38,0x66,0x18,0xc1,0x08,0x10,0x80,0x00,0x00,0x00,0x00,0x00,0x00,0x00,0x00,0x00,0x27,0x66,0xd0,0x81,0x0e,0x18,0x9c,0x00,0x00,0x00,0x00,0x00,0x00,0x00,0x00,0x80,0x21,0x66,0x30,0x81,0x09,0x08,0xa2,0x00,0x00,0x00,0x00,0x00,0x00,0x00,0x00,0x80,0x21,0x66,0x32,0x91,0x09,0x08,0xc2,0x00,0x00,0x00,0x00,0x00,0x00,0x00,0x00,0x00,0x26,0x66,0x12,0x91,0x08,0x08,0x86,0x00,0x00,0x00,0x00,0x00,0x00,0x00,0x00,0x00,0x28,0x66,0x0c,0x61,0x08,0x08,0x84,0x00,0x00,0x00,0x00,0x00,0x00,0x00,0x00,0x00,0x30,0x66,0x00,0x01,0x08,0x18,0x80,0x00,0x00,0x00,0x00,0x00,0x00,0x00,0x00,0x00,0x20,0x66,0x00,0x01,0x08,0xf0,0x80,0x00,0x00,0x00,0x00,0x00};
#define BN_PHRASE_21_W 121
#define BN_PHRASE_21_H 60
static const uint8_t bn_phrase_22[110] = {0x00,0x00,0x00,0x00,0x00,0x00,0x00,0x00,0x02,0x00,0x00,0x00,0x00,0x06,0x00,0x00,0x00,0x00,0xfc,0x00,0x00,0x00,0x00,0x80,0x00,0x00,0x00,0x00,0x80,0x00,0xc0,0xf3,0xff,0xff,0x03,0x60,0x06,0x08,0x08,0x00,0x30,0x06,0x3e,0x08,0x00,0x10,0x86,0xc9,0xc8,0x01,0x12,0x66,0x88,0x08,0x01,0x62,0x66,0x88,0x08,0x01,0x02,0x86,0xe9,0x08,0x01,0x06,0x06,0x0a,0x88,0x01,0xfc,0x07,0x0c,0xc8,0x00,0x00,0x06,0x0c,0x78,0x00,0x00,0x00,0x00,0x40,0x00,0x00,0x00,0x00,0x78,0x00,0x00,0x00,0x00,0xcc,0x01,0x00,0x00,0x00,0x64,0x03,0x00,0x00,0x00,0x38,0x02,0x00,0x00,0x00,0x00,0x00};
#define BN_PHRASE_22_W 35
#define BN_PHRASE_22_H 22
static const uint8_t bn_phrase_23[784] = {0x00,0x00,0x00,0x00,0x00,0x00,0x00,0x00,0x00,0x00,0x00,0x00,0x00,0x00,0x00,0x00,0x00,0x00,0x00,0x00,0x00,0x00,0x00,0x00,0x80,0x07,0x00,0x00,0x00,0x00,0x00,0x00,0x00,0x00,0x00,0x00,0x00,0x00,0xc0,0x18,0x00,0x00,0x00,0x00,0x00,0x00,0x00,0x00,0x00,0x00,0x00,0x00,0x20,0x60,0x00,0x00,0x00,0x00,0x00,0x00,0x00,0x00,0x00,0x00,0x00,0x00,0x30,0x40,0x00,0x00,0x00,0xc0,0x00,0x00,0x18,0x00,0x06,0x00,0x00,0x00,0x20,0x00,0x00,0x00,0xfe,0xbf,0xff,0xff,0xf7,0xff,0xfd,0xff,0xff,0x7f,0xf0,0xff,0xff,0x1f,0x00,0xc0,0x30,0x80,0x18,0x20,0x66,0x10,0x0c,0x00,0x60,0x06,0x18,0x04,0x66,0xc6,0x08,0x80,0x18,0x38,0x86,0x11,0x32,0x1e,0x60,0x86,0x60,0x04,0x24,0xc7,0x0c,0xff,0x18,0x27,0x06,0x1d,0x23,0x32,0x60,0xe6,0x41,0x07,0xe4,0xc5,0x84,0x98,0x98,0x21,0x06,0x13,0x21,0x22,0x60,0x9e,0xc0,0x04,0x0c,0xcc,0x84,0x88,0x98,0x21,0x26,0x13,0x41,0x20,0x60,0x8e,0xc8,0x04,0x08,0xcc,0x84,0x81,0x18,0x26,0x26,0x11,0xc1,0x20,0x60,0x86,0x48,0x04,0x18,0xc4,0x04,0x83,0x18,0x28,0xc6,0x10,0x81,0x31,0x60,0x80,0x30,0x04,0x30,0xc6,0x0c,0x80,0x18,0x30,0x06,0x10,0x03,0x1f,0x60,0x80,0x00,0x04,0xc0,0xc3,0x78,0x80,0x18,0x20,0x06,0x10,0x1e,0x00,0x60,0x80,0x00,0x04,0x00,0x00,0x00,0x00,0x00,0x00,0x00,0x00,0x00,0x00,0x00,0x00,0x00,0x00,0x00,0x00,0x00,0x00,0x00,0x00,0x00,0x00,0x00,0x00,0x00,0x00,0x00,0x00,0x00,0x00,0x00,0x00,0x00,0x00,0x00,0x00,0x00,0x00,0x00,0x00,0x00,0x00,0x00,0x00,0x00,0x00,0x00,0x00,0x00,0x00,0x00,0x00,0x00,0x00,0x00,0x00,0x00,0x00,0x30,0x00,0x00,0x00,0x00,0x00,0x00,0x00,0x03,0x00,0xc0,0x00,0x00,0xff,0x6f,0xff,0x7f,0xf8,0xff,0xff,0xf0,0xff,0xfe,0xff,0xbf,0x01,0x80,0x19,0x32,0x18,0x10,0x30,0x08,0x20,0x00,0x00,0xc3,0x00,0xc4,0x00,0x40,0x20,0x32,0x04,0x1c,0xc0,0x08,0x38,0x30,0x33,0x23,0x00,0xc4,0x00,0x60,0x60,0x32,0x86,0x13,0x80,0x0e,0x27,0x20,0x39,0x33,0xf8,0xc7,0x00,0x20,0x70,0x32,0xc2,0x10,0x80,0x89,0x21,0x20,0x2f,0x13,0xc4,0xc4,0x00,0x20,0x98,0x32,0xc2,0x10,0x90,0x89,0x21,0x60,0x60,0x13,0x44,0xc4,0x00,0x20,0x08,0x33,0x02,0x13,0x90,0x08,0x26,0x40,0x60,0x13,0x0c,0xc4,0x00,0x20,0x18,0x32,0x02,0x14,0x60,0x08,0x28,0xc0,0x20,0x13,0x18,0xc4,0x00,0x60,0x30,0x32,0x86,0x19,0x00,0x08,0x30,0x80,0x31,0x33,0x00,0xc4,0x00,0xc0,0x03,0x32,0x3c,0x10,0x00,0x08,0x20,0x00,0x1e,0xe3,0x01,0xc4,0x00,0x00,0x00,0x00,0x00,0x00,0x00,0x00,0x00,0x00,0x00,0x00,0x00,0x00,0x00,0x00,0x00,0x00,0x00,0x00,0x00,0x00,0x00,0x00,0x00,0x00,0x00,0x00,0x00,0x00,0x00,0x00,0x00,0x00,0x00,0x00,0x00,0x00,0x00,0x00,0x00,0x00,0x00,0x00,0x00,0x00,0x00,0x00,0x00,0x00,0x00,0x00,0x00,0x00,0x00,0x00,0x00,0x00,0x00,0x02,0x00,0x00,0x00,0x00,0x00,0x00,0x00,0x0f,0x00,0x00,0x00,0x00,0x00,0x02,0x00,0x00,0x00,0x00,0x00,0x00,0x80,0x31,0x00,0x00,0x00,0x00,0x00,0x7c,0x00,0x00,0x00,0x00,0x00,0x00,0x40,0xc0,0x00,0x00,0x00,0x00,0x00,0xc0,0x00,0x00,0x00,0x00,0x00,0x00,0x60,0x80,0x00,0x00,0x00,0x00,0x00,0x80,0x00,0x00,0x00,0x00,0x03,0x00,0x4c,0x00,0x00,0x00,0x00,0xc0,0xff,0xff,0x03,0xf0,0xfc,0xff,0x86,0xff,0xfb,0xff,0xff,0x7f,0x00,0x00,0x00,0x18,0x00,0x98,0x01,0x02,0x03,0x40,0xcc,0x0c,0x62,0x10,0x00,0xc0,0x78,0x7c,0x00,0x8c,0x81,0x0f,0x03,0x70,0xcc,0x30,0x82,0x11,0x00,0x80,0xc8,0x84,0x00,0x84,0x61,0x32,0x03,0x4e,0xcc,0xa0,0x03,0x1d,0x00,0x80,0x88,0x80,0x80,0x84,0x19,0x22,0x03,0x43,0xcc,0x60,0x02,0x13,0x00,0x00,0x81,0x80,0x80,0x98,0x19,0x22,0x03,0x43,0xcc,0x64,0x22,0x13,0x00,0x00,0x83,0xfc,0x80,0x80,0x61,0x3a,0x03,0x4c,0xcc,0x24,0x22,0x11,0x00,0x00,0xc6,0x38,0x80,0x81,0x81,0x02,0x03,0x50,0xcc,0x18,0xc2,0x10,0x00,0x00,0x7c,0xc0,0x00,0xff,0x01,0x03,0x03,0x60,0xcc,0x00,0x02,0x10,0x00,0x00,0x20,0x80,0x03,0x80,0x01,0x03,0x03,0x40,0xcc,0x00,0x02,0x10,0x00,0x00,0x20,0x00,0x01,0x00,0x00,0x00,0x00,0x00,0x00,0x00,0x00,0x00,0x00,0x00,0x3c,0x00,0x00,0x00,0x00,0x00,0x00,0x00,0x00,0x00,0x00,0x00,0x00,0x00,0xe6,0x00,0x00,0x00,0x00,0x00,0x00,0x00,0x00,0x00,0x00,0x00,0x00,0x00,0xb2,0x01,0x00,0x00,0x00,0x00,0x00,0x00,0x00,0x00,0x00,0x00,0x00,0x00,0x1c,0x01,0x00,0x00,0x00,0x00,0x00,0x00,0x00,0x00,0x00,0x00,0x00,0x00,0x00,0x00,0x00,0x00,0x00,0x00,0x00,0x00,0x00,0x00,0x00,0x00,0x00};
#define BN_PHRASE_23_W 110
#define BN_PHRASE_23_H 56
static const uint8_t bn_phrase_24[154] = {0x00,0x00,0x00,0x00,0x00,0x00,0x00,0x00,0x00,0x00,0x00,0x00,0x10,0x00,0x00,0x00,0x00,0x00,0x00,0x30,0x00,0x00,0x00,0x00,0x00,0x00,0xe0,0x07,0x00,0x00,0x00,0x00,0x00,0x00,0x04,0x00,0x00,0x00,0x00,0x00,0x00,0x04,0xf0,0xff,0x00,0x9e,0xff,0xff,0x1f,0x18,0x20,0x00,0x33,0x40,0x40,0x00,0x04,0x20,0x80,0x31,0xf0,0x41,0x00,0x06,0x27,0x80,0x30,0x4c,0x46,0x0e,0x82,0x28,0x90,0x30,0x43,0x44,0x08,0x82,0x30,0x10,0x33,0x43,0x44,0x08,0x82,0x21,0x10,0x30,0x4c,0x47,0x08,0x02,0x21,0x30,0x30,0x50,0x40,0x0c,0x06,0x20,0xe0,0x3f,0x60,0x40,0x06,0x3c,0x20,0x00,0x30,0x60,0xc0,0x03,0x00,0x00,0x00,0x00,0x00,0x00,0x02,0x00,0x00,0x00,0x00,0x00,0xc0,0x03,0x00,0x00,0x00,0x00,0x00,0x60,0x0e,0x00,0x00,0x00,0x00,0x00,0x20,0x1b,0x00,0x00,0x00,0x00,0x00,0xc0,0x11,0x00,0x00,0x00,0x00,0x00,0x00,0x00};
#define BN_PHRASE_24_W 54
#define BN_PHRASE_24_H 22
static const uint8_t bn_phrase_25[448] = {0x00,0x00,0x00,0x00,0x00,0x00,0x00,0x00,0x00,0x00,0x00,0x00,0x00,0x00,0x00,0x00,0x00,0x00,0x00,0x00,0x00,0x00,0x00,0x00,0x80,0x07,0x00,0x00,0x00,0x00,0x00,0x00,0x00,0x00,0x00,0x00,0x00,0x00,0xc0,0x18,0x00,0x00,0x00,0x00,0x00,0x00,0x00,0x00,0x00,0x00,0x00,0x00,0x20,0x60,0x00,0x00,0x00,0x00,0x00,0x00,0x00,0x00,0x00,0x00,0x00,0x00,0x30,0x40,0x00,0x00,0x00,0xc0,0x00,0x00,0x18,0x00,0x06,0x00,0x00,0x00,0x20,0x00,0x00,0x00,0xfe,0xbf,0xff,0xff,0xf7,0xff,0xfd,0xff,0xff,0x7f,0xf0,0xff,0xff,0x1f,0x00,0xc0,0x30,0x80,0x18,0x20,0x66,0x10,0x0c,0x00,0x60,0x06,0x18,0x04,0x66,0xc6,0x08,0x80,0x18,0x38,0x86,0x11,0x32,0x1e,0x60,0x86,0x60,0x04,0x24,0xc7,0x0c,0xff,0x18,0x27,0x06,0x1d,0x23,0x32,0x60,0xe6,0x41,0x07,0xe4,0xc5,0x84,0x98,0x98,0x21,0x06,0x13,0x21,0x22,0x60,0x9e,0xc0,0x04,0x0c,0xcc,0x84,0x88,0x98,0x21,0x26,0x13,0x41,0x20,0x60,0x8e,0xc8,0x04,0x08,0xcc,0x84,0x81,0x18,0x26,0x26,0x11,0xc1,0x20,0x60,0x86,0x48,0x04,0x18,0xc4,0x04,0x83,0x18,0x28,0xc6,0x10,0x81,0x31,0x60,0x80,0x30,0x04,0x30,0xc6,0x0c,0x80,0x18,0x30,0x06,0x10,0x03,0x1f,0x60,0x80,0x00,0x04,0xc0,0xc3,0x78,0x80,0x18,0x20,0x06,0x10,0x1e,0x00,0x60,0x80,0x00,0x04,0x00,0x00,0x00,0x00,0x00,0x00,0x00,0x00,0x00,0x00,0x00,0x00,0x00,0x00,0x00,0x00,0x00,0x00,0x00,0x00,0x00,0x00,0x00,0x00,0x00,0x00,0x00,0x00,0x00,0x00,0x00,0x00,0x00,0x00,0x00,0x00,0x00,0x00,0x00,0x00,0x00,0x00,0x00,0x00,0x00,0x00,0x00,0x00,0x00,0x00,0x00,0x00,0x00,0x00,0x00,0x00,0x00,0x00,0x00,0x00,0x00,0x00,0x60,0x00,0x00,0x00,0x00,0x00,0x00,0x00,0x00,0x00,0x00,0x00,0x00,0xfe,0xdf,0xfe,0xff,0x00,0x00,0x00,0x00,0x00,0x00,0x00,0x00,0x00,0x00,0x33,0x64,0x30,0x20,0x00,0x00,0x00,0x00,0x00,0x00,0x00,0x00,0x00,0x80,0x40,0x64,0x08,0x38,0x00,0x00,0x00,0x00,0x00,0x00,0x00,0x00,0x00,0xc0,0xc0,0x64,0x0c,0x27,0x00,0x00,0x00,0x00,0x00,0x00,0x00,0x00,0x00,0x40,0xe0,0x64,0x84,0x21,0x00,0x00,0x00,0x00,0x00,0x00,0x00,0x00,0x00,0x40,0x30,0x65,0x84,0x21,0x00,0x00,0x00,0x00,0x00,0x00,0x00,0x00,0x00,0x40,0x10,0x66,0x04,0x26,0x00,0x00,0x00,0x00,0x00,0x00,0x00,0x00,0x00,0x40,0x30,0x64,0x04,0x28,0x00,0x00,0x00,0x00,0x00,0x00,0x00,0x00,0x00,0xc0,0x60,0x64,0x0c,0x33,0x00,0x00,0x00,0x00,0x00,0x00,0x00,0x00,0x00,0x80,0x07,0x64,0x78,0x20,0x00,0x00,0x00,0x00,0x00,0x00,0x00,0x00,0x00,0x00,0x00,0x00,0x00,0x00,0x00,0x00,0x00,0x00,0x00};
#define BN_PHRASE_25_W 110
#define BN_PHRASE_25_H 32
static const uint8_t bn_phrase_26[171] = {0x00,0x00,0x00,0x00,0x00,0x00,0x00,0x00,0x00,0x00,0x1e,0x20,0x00,0xfc,0x00,0x00,0x00,0x00,0x00,0x63,0x60,0x00,0x86,0x03,0x00,0x00,0x00,0x8e,0x80,0xc1,0x1f,0x03,0x0c,0x00,0x00,0x07,0xc6,0x00,0x01,0x90,0x01,0x08,0x00,0x00,0x04,0x86,0x00,0x00,0x10,0x01,0x00,0x00,0x00,0x04,0xc6,0xff,0xff,0xff,0xff,0xff,0xff,0x7f,0x04,0x86,0x19,0x02,0x03,0x03,0x0e,0x00,0x02,0x04,0x86,0x21,0x32,0x23,0x1b,0x19,0x80,0x0f,0x04,0x86,0x61,0x22,0x33,0x93,0xe0,0x61,0x32,0x04,0x86,0x71,0x22,0x3a,0x93,0x9c,0x18,0x22,0x04,0x86,0x99,0x62,0x2e,0x23,0x97,0x18,0x22,0x04,0x86,0x09,0x43,0x60,0x63,0x90,0x60,0x3a,0x04,0x86,0x19,0xc2,0x20,0xc3,0x98,0x80,0x02,0x04,0x86,0x31,0x82,0x31,0x83,0x8f,0x00,0x03,0x04,0x86,0x01,0x02,0x1e,0x03,0x80,0x00,0x03,0x04,0x06,0x00,0x00,0x00,0x00,0x00,0x00,0x00,0x04,0x0e,0x00,0x00,0x00,0x00,0x00,0x00,0x00,0x07,0x00,0x00,0x00,0x00,0x00,0x00,0x00,0x00,0x00};
#define BN_PHRASE_26_W 68
#define BN_PHRASE_26_H 19
static const uint8_t bn_phrase_27[900] = {0x00,0x00,0x00,0x00,0x00,0x00,0x00,0x00,0x00,0x00,0x00,0x00,0x00,0x00,0x00,0x00,0x00,0x00,0x00,0x00,0x00,0x00,0x00,0x00,0x00,0x00,0x00,0x20,0x00,0x00,0x00,0x00,0x00,0x00,0x00,0x00,0x00,0x00,0x00,0x00,0x00,0x00,0x20,0x00,0x00,0x00,0x00,0x00,0x00,0x00,0x00,0x00,0x00,0x00,0x00,0x00,0x00,0xc0,0x07,0x00,0x00,0x00,0x00,0x00,0x00,0x00,0x00,0x00,0x00,0x00,0x00,0x00,0x00,0x0c,0x00,0x00,0x00,0x00,0x00,0x04,0x00,0x00,0x00,0x18,0x00,0x31,0x00,0x00,0x08,0x00,0xf0,0x3f,0xe7,0x8f,0xfc,0x7f,0x80,0xff,0xf7,0x3f,0x6f,0xf8,0xff,0x3f,0x00,0x60,0x80,0x0d,0xcb,0x0d,0x10,0xc0,0x00,0x19,0x30,0x31,0x00,0x84,0x01,0x00,0x60,0x88,0x88,0x78,0x0d,0x1c,0x20,0xc0,0x19,0x3c,0x31,0x00,0xc7,0x07,0x00,0x60,0x1e,0xc7,0x00,0x8d,0x13,0x30,0x38,0x19,0x23,0x31,0xe0,0x44,0x08,0x00,0xe0,0x09,0x40,0xc0,0xcc,0x10,0x10,0x0c,0x99,0x20,0x31,0x30,0x04,0x08,0x00,0xe0,0x08,0x40,0x30,0xcc,0x10,0x10,0x0c,0x99,0x63,0x31,0x30,0x04,0x08,0x00,0x60,0x08,0x47,0xc0,0x0c,0x13,0x10,0x30,0x19,0xae,0x31,0xc0,0xc4,0x0f,0x00,0x00,0x88,0x49,0x00,0x0f,0x14,0x10,0x40,0x19,0xa8,0x31,0x00,0x85,0x03,0x00,0x00,0x88,0xcd,0x00,0x8e,0x19,0x30,0x80,0x19,0x30,0x31,0x00,0x06,0x0c,0x00,0x00,0x08,0x87,0x07,0x0c,0x10,0xe0,0x01,0x19,0x30,0x30,0x00,0x04,0x38,0x00,0x00,0x08,0x00,0x00,0x00,0x00,0x00,0x00,0x00,0x00,0x00,0x00,0x00,0x10,0x00,0x00,0x0f,0x00,0x00,0x00,0x00,0x00,0x00,0x00,0x00,0x00,0x00,0x00,0x00,0x00,0x80,0x19,0x00,0x00,0x00,0x00,0x00,0x00,0x00,0x00,0x00,0x00,0x00,0x00,0x00,0x80,0x68,0x00,0x00,0x00,0x00,0x00,0x00,0x00,0x00,0x00,0x00,0x00,0x00,0x00,0x00,0x47,0x00,0x00,0x00,0x00,0x00,0x00,0x00,0x00,0x00,0x00,0x00,0x00,0x00,0x00,0x00,0x00,0x00,0x00,0x00,0x00,0x00,0x00,0x00,0x00,0x00,0x00,0x00,0x00,0x00,0x00,0x00,0x00,0x00,0x00,0x00,0x00,0x00,0x00,0x00,0x00,0x00,0x00,0x00,0x00,0x00,0x00,0x00,0x00,0x00,0x00,0x00,0x00,0x00,0x00,0x00,0x00,0x00,0x00,0x00,0x00,0x00,0x00,0x00,0x00,0x00,0x00,0x00,0x00,0x00,0x00,0x00,0x00,0x00,0x00,0x00,0x00,0x00,0x00,0x00,0x00,0x00,0x00,0x00,0x00,0x78,0x00,0x00,0x00,0x00,0x00,0x00,0x00,0x00,0x00,0x00,0x00,0x00,0x00,0x00,0x8c,0x01,0x00,0x00,0x00,0x00,0x00,0x00,0x00,0x00,0x00,0x00,0x00,0x00,0x00,0x02,0x06,0x00,0x00,0x00,0x00,0x00,0x00,0x00,0x00,0x00,0x00,0x00,0x00,0x00,0x03,0x04,0x00,0x00,0x00,0x00,0x08,0x00,0x00,0x00,0x00,0x00,0x10,0x00,0x00,0x02,0x00,0x00,0x00,0xfe,0x17,0xf9,0xff,0xf0,0xff,0xff,0xbf,0x73,0xf8,0xff,0xff,0xff,0xff,0x01,0x0c,0x93,0x1b,0x20,0x00,0x23,0x02,0x48,0x1c,0x00,0x04,0x06,0x88,0x41,0x00,0x30,0xf3,0x1a,0x20,0x00,0x23,0x02,0x4e,0x18,0x00,0x1f,0x06,0x0e,0x46,0x00,0x20,0x03,0x1a,0x27,0x20,0x27,0xc2,0x49,0x10,0xc0,0x64,0xc6,0x09,0x74,0x00,0x18,0x83,0x99,0x28,0xc0,0x3c,0x62,0xc8,0x11,0x30,0x44,0x66,0x08,0x4c,0x00,0x04,0x63,0x98,0x30,0x00,0x20,0x62,0x08,0x11,0x30,0x44,0x66,0x88,0x4c,0x00,0x3c,0x83,0x99,0x21,0x00,0x60,0x82,0x09,0x10,0xc0,0x74,0x86,0x89,0x44,0x00,0x60,0x03,0x1e,0x21,0x00,0x90,0x03,0x0a,0x10,0x00,0x05,0x06,0x0a,0x43,0x00,0x80,0x03,0x1c,0x20,0x00,0x10,0xc3,0x0c,0x10,0x00,0x06,0xc6,0x0c,0x40,0x00,0x00,0x03,0x18,0x20,0x00,0x20,0x02,0x08,0x10,0x00,0x06,0x06,0x08,0x40,0x00,0x00,0x00,0x00,0x00,0x00,0x00,0x00,0x00,0x00,0x00,0x00,0x00,0x00,0x00,0x00,0x00,0x00,0x00,0x00,0x00,0x00,0x00,0x00,0x00,0x00,0x00,0x00,0x00,0x00,0x00,0x00,0x00,0x00,0x00,0x00,0x00,0x00,0x00,0x00,0x00,0x00,0x00,0x00,0x00,0x00,0x00,0x00,0x00,0x00,0x00,0x00,0x00,0x00,0x00,0x00,0x00,0x00,0x00,0x00,0x00,0x00,0x00,0x00,0x00,0x00,0x00,0x00,0x00,0x08,0x00,0x00,0x00,0x00,0x00,0x00,0x00,0x00,0x00,0x00,0x00,0x00,0x00,0x00,0x08,0x00,0x00,0x00,0x00,0x00,0x00,0x00,0x00,0x00,0x00,0x00,0x00,0x00,0x00,0xf0,0x01,0x00,0x00,0x00,0x00,0x00,0x00,0x00,0x00,0x00,0x00,0x00,0x00,0x00,0x00,0x03,0x00,0x00,0x00,0x00,0x00,0x00,0x00,0x00,0x00,0x00,0x00,0x00,0x00,0x00,0x02,0x00,0x00,0x00,0x00,0x00,0x00,0x00,0x00,0x00,0x00,0xff,0x8f,0xff,0xfb,0x0f,0x00,0x00,0x00,0x00,0x00,0x00,0x00,0x00,0x00,0x80,0x01,0x02,0x00,0x60,0x00,0x00,0x00,0x00,0x00,0x00,0x00,0x00,0x00,0x00,0x40,0x80,0x83,0xf1,0xf0,0x01,0x00,0x00,0x00,0x00,0x00,0x00,0x00,0x00,0x00,0x60,0x70,0x02,0x91,0x11,0x02,0x00,0x00,0x00,0x00,0x00,0x00,0x00,0x00,0x00,0x20,0x18,0x02,0x11,0x01,0x02,0x00,0x00,0x00,0x00,0x00,0x00,0x00,0x00,0x00,0x20,0x18,0x02,0x02,0x01,0x02,0x00,0x00,0x00,0x00,0x00,0x00,0x00,0x00,0x00,0x20,0x60,0x02,0x06,0xf1,0x03,0x00,0x00,0x00,0x00,0x00,0x00,0x00,0x00,0x00,0x20,0x80,0x02,0x8c,0xe1,0x00,0x00,0x00,0x00,0x00,0x00,0x00,0x00,0x00,0x00,0x60,0x30,0x03,0xf8,0x00,0x03,0x00,0x00,0x00,0x00,0x00,0x00,0x00,0x00,0x00,0xc0,0x03,0x02,0x40,0x00,0x0e,0x00,0x00,0x00,0x00,0x00,0x00,0x00,0x00,0x00,0x00,0x00,0x00,0x40,0x00,0x04,0x00,0x00,0x00,0x00,0x00};
#define BN_PHRASE_27_W 114
#define BN_PHRASE_27_H 60
static const uint8_t bn_phrase_28[855] = {0x00,0x00,0x00,0x00,0x00,0x00,0x00,0x00,0x00,0x00,0x00,0x00,0x00,0x00,0x00,0x00,0x00,0x00,0x00,0x00,0x00,0x00,0x00,0x00,0x00,0x00,0x00,0x00,0x20,0x00,0x00,0x00,0x00,0x00,0x00,0x00,0x00,0x00,0x00,0x00,0x00,0x00,0x00,0x60,0x00,0x00,0x00,0x00,0x00,0x00,0x00,0x00,0x00,0x00,0x00,0x00,0x00,0x00,0xc0,0x0f,0x00,0x00,0x00,0x00,0x00,0x00,0x00,0x00,0x00,0x00,0x00,0x00,0x00,0x00,0x08,0x00,0x00,0x06,0x00,0x00,0x00,0x00,0x01,0x00,0x00,0x60,0x00,0x00,0x00,0x08,0xe0,0xff,0xed,0xff,0x0f,0xff,0x7f,0xff,0xff,0xff,0xdf,0xe0,0xff,0xff,0x3f,0x30,0x43,0x06,0x03,0x02,0x20,0x90,0x19,0x04,0x03,0x64,0xc0,0x00,0x98,0x00,0x08,0x44,0x86,0x80,0x03,0xe1,0x10,0x61,0x84,0x00,0x67,0xc0,0x3f,0x84,0x00,0x0c,0x4c,0xc6,0x70,0x02,0x32,0x11,0x41,0xc7,0xe0,0x64,0xc0,0x68,0x86,0x1c,0x04,0x4e,0x46,0x18,0x02,0x32,0x13,0xc1,0x44,0x30,0x64,0xc0,0x4c,0x82,0x10,0x04,0x53,0x46,0x18,0x02,0x04,0x13,0xc9,0x44,0x30,0x64,0x80,0x47,0x82,0x10,0x04,0x61,0x46,0x60,0x02,0x0c,0x13,0x49,0x44,0xc0,0x64,0x00,0x20,0x82,0x10,0x04,0x43,0x46,0x80,0x02,0xf0,0x17,0x31,0x44,0x00,0x65,0x80,0x3f,0x82,0x18,0x0c,0x46,0xc6,0x30,0x03,0x00,0x1c,0x01,0xc4,0x00,0x66,0x80,0x1f,0x86,0x0c,0x78,0x40,0x86,0x07,0x02,0x00,0x18,0x01,0x84,0x07,0x64,0x00,0x78,0xbc,0x07,0x00,0x00,0x00,0x00,0x00,0x00,0x00,0x00,0x00,0x00,0x00,0x00,0x88,0x00,0x00,0x00,0x00,0x00,0x00,0x00,0x00,0x00,0x00,0x00,0x00,0x00,0x00,0x0f,0x00,0x00,0x00,0x00,0x00,0x00,0x00,0x00,0x00,0x00,0x00,0x00,0x00,0x80,0x39,0x00,0x00,0x00,0x00,0x00,0x00,0x00,0x00,0x00,0x00,0x00,0x00,0x00,0x80,0x68,0x00,0x00,0x00,0x00,0x00,0x00,0x00,0x00,0x00,0x00,0x00,0x00,0x00,0x00,0x47,0x00,0x00,0x00,0x00,0x00,0x00,0x00,0x00,0x00,0x00,0x00,0x00,0x00,0x00,0x00,0x00,0x00,0x00,0x00,0x00,0x00,0x00,0x00,0x00,0x00,0x00,0x00,0x00,0x00,0x00,0x00,0x00,0x00,0x00,0x00,0x00,0x00,0x00,0x00,0x00,0x00,0x00,0x00,0x00,0x00,0x00,0x00,0x00,0x00,0x00,0x00,0x00,0x00,0x00,0x00,0x00,0x00,0x00,0x00,0x00,0x00,0x00,0x00,0x00,0x0c,0x00,0x00,0x00,0x06,0x00,0x00,0x00,0x00,0x00,0x31,0x00,0x00,0xf0,0xff,0xfb,0x7f,0xf8,0xff,0xfd,0xff,0x0f,0xe0,0xff,0x22,0x6f,0xff,0x7f,0x18,0x00,0x0c,0x10,0x00,0x04,0x86,0x0d,0x00,0xb0,0x61,0x72,0x33,0x18,0x10,0xc4,0x78,0x0c,0x1c,0x00,0x1f,0x46,0xfc,0x03,0x08,0x66,0x5e,0x33,0x04,0x10,0x86,0xc8,0x8c,0x13,0xc0,0x64,0x66,0x8c,0x06,0x0c,0x64,0x40,0x33,0x86,0x13,0x82,0x88,0xcc,0x10,0x30,0x44,0x26,0xcc,0x04,0x04,0x63,0x30,0x33,0x42,0x14,0x02,0x81,0xcc,0x10,0x30,0x44,0x26,0x78,0x04,0x84,0x60,0x0c,0x33,0x42,0x18,0x02,0x83,0x0c,0x13,0xc0,0x74,0x26,0x00,0x02,0x84,0x67,0x30,0x33,0xc2,0x10,0x02,0xc6,0x0c,0x14,0x00,0x05,0x26,0xf8,0x03,0x04,0x6c,0xc0,0x33,0x82,0x10,0x06,0x7c,0x8c,0x19,0x00,0x06,0x66,0xf8,0x01,0x0c,0x70,0x80,0x33,0x06,0x10,0x3c,0x00,0x0c,0x10,0x00,0x06,0xc6,0x03,0x07,0x78,0x60,0x00,0x33,0x3c,0x10,0x00,0x00,0x00,0x00,0x00,0x00,0x00,0x00,0x08,0x00,0x00,0x00,0x00,0x00,0x00,0x00,0x00,0x00,0x00,0x00,0x00,0x00,0x00,0x00,0x00,0x00,0x00,0x00,0x00,0x00,0x00,0x00,0x00,0x00,0x00,0x00,0x00,0x00,0x00,0x00,0x00,0x00,0x00,0x00,0x00,0x00,0x00,0x00,0x00,0x00,0x00,0x00,0x00,0x00,0x00,0x00,0x00,0x00,0x00,0x00,0x00,0x00,0x00,0x00,0x00,0x00,0x00,0x00,0x00,0x00,0x00,0x00,0x00,0x00,0x00,0x00,0x00,0x00,0x00,0x00,0x78,0x00,0x00,0x00,0x00,0x3c,0x00,0x00,0x00,0x00,0x00,0x00,0x00,0x00,0x00,0x8c,0x01,0x00,0x00,0x00,0xc6,0x00,0x00,0x00,0x00,0x00,0x00,0x00,0x00,0x00,0x02,0x06,0x00,0x00,0x00,0x01,0x03,0x00,0x00,0x00,0x00,0x00,0x00,0x00,0x00,0x03,0x04,0x00,0x00,0x80,0x01,0x02,0x00,0x00,0x00,0x00,0x00,0x00,0x00,0x32,0x02,0x00,0x00,0x00,0x20,0x01,0x00,0x00,0x00,0x00,0x00,0x00,0x00,0x3c,0x6e,0xff,0xff,0xe1,0xff,0xef,0xf7,0x3f,0x00,0x00,0x00,0x00,0x00,0x00,0x44,0x32,0x06,0x08,0x00,0x04,0x32,0x63,0x08,0x00,0x00,0x00,0x00,0x00,0x00,0x44,0x32,0x06,0x3e,0x20,0x1c,0x22,0x83,0x08,0x00,0x00,0x00,0x00,0x00,0x00,0x44,0x32,0x86,0xc9,0x40,0x26,0x22,0x83,0x09,0x00,0x00,0x00,0x00,0x00,0x00,0x74,0x32,0x66,0x88,0x40,0x66,0x22,0xc3,0x09,0x00,0x00,0x00,0x00,0x00,0x00,0x08,0x32,0x66,0x88,0x80,0x60,0x22,0x63,0x0a,0x00,0x00,0x00,0x00,0x00,0x00,0x30,0x32,0x86,0xe9,0x80,0x61,0x22,0x23,0x0c,0x00,0x00,0x00,0x00,0x00,0x00,0xc0,0x32,0x06,0x0a,0x00,0xfe,0x22,0x63,0x08,0x00,0x00,0x00,0x00,0x00,0x00,0x80,0x33,0x06,0x0c,0x00,0x80,0x23,0xc3,0x08,0x00,0x00,0x00,0x00,0x00,0x00,0x00,0x33,0x06,0x0c,0x00,0x00,0x23,0x03,0x08,0x00,0x00,0x00,0x00,0x00,0x00,0x00,0x00,0x00,0x00,0x00,0x00,0x00,0x00,0x00,0x00,0x00,0x00};
#define BN_PHRASE_28_W 120
#define BN_PHRASE_28_H 57
static const uint8_t bn_phrase_29[780] = {0x00,0x00,0x00,0x00,0x00,0x00,0x00,0x00,0x00,0x00,0x00,0x00,0x00,0xfe,0xff,0xff,0xff,0xff,0xff,0x00,0x9e,0xff,0x7f,0xfc,0xff,0x7f,0x0c,0x03,0x80,0x01,0x18,0x20,0x00,0x33,0x0c,0x10,0x18,0x04,0x10,0x30,0x1b,0x8f,0x21,0x04,0x38,0x98,0x30,0x02,0x1c,0x60,0x04,0x1c,0x20,0x13,0x99,0x79,0x06,0x27,0x90,0x10,0x83,0x13,0x40,0x87,0x13,0x18,0x13,0x91,0x27,0x82,0x21,0x30,0x1d,0xc1,0x10,0xc0,0xc4,0x10,0x04,0x23,0x90,0x23,0x82,0x21,0x20,0x34,0xc1,0x10,0xc8,0xc4,0x10,0x3c,0x63,0x90,0x21,0x02,0x26,0x60,0x20,0x01,0x13,0x48,0x04,0x13,0x60,0xc3,0x18,0x20,0x02,0x28,0x40,0x30,0x01,0x14,0x30,0x04,0x14,0x80,0x83,0x0f,0x20,0x06,0x33,0x80,0x11,0x83,0x19,0x00,0x04,0x18,0x00,0x03,0x00,0x20,0x3c,0x20,0x00,0x0f,0x1e,0x10,0x00,0x04,0x10,0x00,0x00,0x00,0x20,0x00,0x00,0x00,0x00,0x00,0x00,0x00,0x00,0x00,0x00,0x00,0x00,0x38,0x00,0x00,0x00,0x00,0x00,0x00,0x00,0x00,0x00,0x00,0x00,0x00,0x88,0x00,0x00,0x00,0x00,0x00,0x00,0x00,0x00,0x00,0x00,0x00,0x00,0x78,0x07,0x00,0x00,0x00,0x00,0x00,0x00,0x00,0x00,0x00,0x00,0x00,0x00,0x02,0x00,0x00,0x00,0x00,0x00,0x00,0x00,0x00,0x00,0x00,0x00,0x00,0x00,0x00,0x00,0x00,0x00,0x00,0x00,0x00,0x00,0x00,0x00,0x00,0x00,0x00,0x00,0x00,0x00,0x00,0x00,0x00,0x00,0x00,0x00,0x00,0x00,0x00,0x00,0x00,0x00,0x00,0x00,0x00,0x00,0x00,0x00,0x00,0x00,0x00,0x00,0x00,0x00,0x00,0x00,0x00,0x00,0x00,0x00,0x00,0x00,0x00,0x00,0x00,0x00,0x00,0x00,0x04,0x00,0x00,0x00,0x00,0x00,0x00,0x00,0x00,0x00,0x00,0x00,0x00,0x04,0x00,0x00,0x00,0x00,0x00,0x00,0x00,0x00,0x00,0x00,0x00,0x00,0xf8,0x00,0x00,0x00,0x00,0x00,0x00,0x00,0x00,0x00,0x00,0x00,0x00,0x80,0x01,0x00,0x00,0x00,0x00,0x00,0x00,0x0c,0x00,0x80,0x01,0x00,0x00,0x01,0x00,0x00,0x00,0x03,0xe0,0xff,0xfb,0xff,0x7f,0xc3,0xff,0xfd,0x07,0xf0,0xf8,0xff,0x06,0x00,0x00,0x0c,0x03,0x88,0x01,0x00,0x30,0x00,0x98,0x01,0x04,0x03,0x60,0x66,0x8c,0x00,0x88,0xc1,0x78,0xf8,0x00,0x8c,0x01,0x1f,0x03,0x40,0x72,0xcc,0xf0,0x8f,0x81,0xc8,0x08,0x01,0x84,0xc1,0x64,0x03,0x40,0x5e,0x4c,0x88,0x89,0x81,0x88,0x00,0x81,0x84,0x31,0x44,0x03,0xc0,0xc0,0x4c,0x88,0x88,0x01,0x81,0x00,0x81,0x98,0x31,0x44,0x03,0x80,0xc0,0x4c,0x18,0x88,0x01,0x83,0xf8,0x81,0x80,0xc1,0x74,0x03,0x80,0x41,0x4c,0x30,0x88,0x01,0xc6,0x70,0x80,0x81,0x01,0x05,0x03,0x00,0x63,0xcc,0x00,0x88,0x01,0x7c,0x80,0x01,0xff,0x01,0x06,0x03,0x00,0x3c,0x8c,0x07,0x88,0x01,0x20,0x00,0x07,0x80,0x01,0x06,0x03,0x00,0x00,0x00,0x00,0x00,0x00,0x20,0x00,0x02,0x00,0x00,0x00,0x00,0x00,0x00,0x00,0x00,0x00,0x00,0x3c,0x00,0x00,0x00,0x00,0x00,0x00,0x00,0x00,0x00,0x00,0x00,0x00,0xe6,0x00,0x00,0x00,0x00,0x00,0x00,0x00,0x00,0x00,0x00,0x00,0x00,0xb2,0x01,0x00,0x00,0x00,0x00,0x00,0x00,0x00,0x00,0x00,0x00,0x00,0x1c,0x01,0x00,0x00,0x00,0x00,0x00,0x00,0x00,0x00,0x00,0x00,0x00,0x00,0x00,0x00,0x00,0x00,0x00,0x00,0x00,0x00,0x00,0x00,0x00,0x00,0x00,0x00,0x00,0x00,0x00,0x00,0x00,0x00,0x00,0x00,0x00,0x00,0x00,0x00,0x00,0x00,0x00,0x00,0x00,0x00,0x00,0x00,0x00,0x00,0x00,0x00,0x00,0x00,0x00,0x00,0x00,0x00,0x00,0x00,0x00,0xf0,0x00,0x00,0x00,0x00,0x00,0x00,0x00,0x00,0x08,0x00,0x00,0x00,0x18,0x03,0x00,0x00,0x00,0x00,0x00,0x00,0x00,0x18,0x00,0x00,0x00,0x04,0x0c,0x00,0x00,0x00,0x00,0x00,0x00,0x00,0xf0,0x03,0x00,0x00,0x06,0x08,0x00,0x00,0x00,0x00,0x00,0x00,0x00,0x00,0x02,0x00,0xc0,0x04,0x00,0x00,0x00,0x00,0x00,0x00,0x00,0x00,0x00,0x02,0xf8,0xbf,0xff,0xff,0xff,0x07,0xf8,0x7f,0x00,0xcf,0xff,0xff,0x0f,0x00,0xc4,0xcc,0x20,0x06,0x01,0x0c,0x10,0x80,0x19,0x20,0x20,0x00,0x00,0xc7,0x0c,0x23,0x18,0x01,0x02,0x10,0xc0,0x18,0xf8,0x20,0x00,0xe0,0xc4,0x0c,0x3a,0xd0,0x01,0x83,0x13,0x40,0x18,0x26,0x23,0x07,0x30,0xc4,0x0c,0x26,0x30,0x01,0x41,0x14,0x48,0x98,0x21,0x22,0x04,0x30,0xc4,0x4c,0x26,0x32,0x01,0x41,0x18,0x88,0x99,0x21,0x22,0x04,0xc0,0xc4,0x4c,0x22,0x12,0x01,0xc1,0x10,0x08,0x18,0xa6,0x23,0x04,0x00,0xc5,0x8c,0x21,0x0c,0x01,0x81,0x10,0x18,0x18,0x28,0x20,0x06,0x00,0xc6,0x0c,0x20,0x00,0x01,0x03,0x10,0xf0,0x1f,0x30,0x20,0x03,0x00,0xc4,0x0c,0x20,0x00,0x01,0x1e,0x10,0x00,0x18,0x30,0xe0,0x01,0x00,0x00,0x00,0x00,0x00,0x00,0x00,0x00,0x00,0x00,0x00,0x00,0x01};
#define BN_PHRASE_29_W 104
#define BN_PHRASE_29_H 60
static const uint8_t bn_phrase_30[784] = {0x00,0x00,0x00,0x00,0x00,0x00,0x00,0x00,0x00,0x00,0x00,0x00,0x00,0x00,0x00,0x00,0x00,0x00,0x00,0x00,0x00,0x00,0x00,0x00,0x80,0x07,0x00,0x00,0x00,0x00,0x00,0x00,0x00,0x00,0x00,0x00,0x00,0x00,0xc0,0x18,0x00,0x00,0x00,0x00,0x00,0x00,0x00,0x00,0x00,0x00,0x00,0x00,0x20,0x60,0x00,0x00,0x00,0x00,0x00,0x00,0x00,0x00,0x00,0x00,0x00,0x00,0x30,0x40,0x00,0x00,0x00,0xc0,0x00,0x00,0x18,0x00,0x06,0x00,0x00,0x00,0x20,0x00,0x00,0x00,0xfe,0xbf,0xff,0xff,0xf7,0xff,0xfd,0xff,0xff,0x7f,0xf0,0xff,0xff,0x1f,0x00,0xc0,0x30,0x80,0x18,0x20,0x66,0x10,0x0c,0x00,0x60,0x06,0x18,0x04,0x66,0xc6,0x08,0x80,0x18,0x38,0x86,0x11,0x32,0x1e,0x60,0x86,0x60,0x04,0x24,0xc7,0x0c,0xff,0x18,0x27,0x06,0x1d,0x23,0x32,0x60,0xe6,0x41,0x07,0xe4,0xc5,0x84,0x98,0x98,0x21,0x06,0x13,0x21,0x22,0x60,0x9e,0xc0,0x04,0x0c,0xcc,0x84,0x88,0x98,0x21,0x26,0x13,0x41,0x20,0x60,0x8e,0xc8,0x04,0x08,0xcc,0x84,0x81,0x18,0x26,0x26,0x11,0xc1,0x20,0x60,0x86,0x48,0x04,0x18,0xc4,0x04,0x83,0x18,0x28,0xc6,0x10,0x81,0x31,0x60,0x80,0x30,0x04,0x30,0xc6,0x0c,0x80,0x18,0x30,0x06,0x10,0x03,0x1f,0x60,0x80,0x00,0x04,0xc0,0xc3,0x78,0x80,0x18,0x20,0x06,0x10,0x1e,0x00,0x60,0x80,0x00,0x04,0x00,0x00,0x00,0x00,0x00,0x00,0x00,0x00,0x00,0x00,0x00,0x00,0x00,0x00,0x00,0x00,0x00,0x00,0x00,0x00,0x00,0x00,0x00,0x00,0x00,0x00,0x00,0x00,0x00,0x00,0x00,0x00,0x00,0x00,0x00,0x00,0x00,0x00,0x00,0x00,0x00,0x00,0x00,0x00,0x00,0x00,0x00,0x00,0x00,0x00,0x00,0x00,0x00,0x00,0x00,0x00,0x00,0x00,0x30,0x00,0x00,0x00,0x00,0x00,0x00,0x00,0x03,0x00,0xc0,0x00,0x00,0xff,0x6f,0xff,0x7f,0xf8,0xff,0xff,0xf0,0xff,0xfe,0xff,0xbf,0x01,0x80,0x19,0x32,0x18,0x10,0x30,0x08,0x20,0x00,0x00,0xc3,0x00,0xc4,0x00,0x40,0x20,0x32,0x04,0x1c,0xc0,0x08,0x38,0x30,0x33,0x23,0x00,0xc4,0x00,0x60,0x60,0x32,0x86,0x13,0x80,0x0e,0x27,0x20,0x39,0x33,0xf8,0xc7,0x00,0x20,0x70,0x32,0xc2,0x10,0x80,0x89,0x21,0x20,0x2f,0x13,0xc4,0xc4,0x00,0x20,0x98,0x32,0xc2,0x10,0x90,0x89,0x21,0x60,0x60,0x13,0x44,0xc4,0x00,0x20,0x08,0x33,0x02,0x13,0x90,0x08,0x26,0x40,0x60,0x13,0x0c,0xc4,0x00,0x20,0x18,0x32,0x02,0x14,0x60,0x08,0x28,0xc0,0x20,0x13,0x18,0xc4,0x00,0x60,0x30,0x32,0x86,0x19,0x00,0x08,0x30,0x80,0x31,0x33,0x00,0xc4,0x00,0xc0,0x03,0x32,0x3c,0x10,0x00,0x08,0x20,0x00,0x1e,0xe3,0x01,0xc4,0x00,0x00,0x00,0x00,0x00,0x00,0x00,0x00,0x00,0x00,0x00,0x00,0x00,0x00,0x00,0x00,0x00,0x00,0x00,0x00,0x00,0x00,0x00,0x00,0x00,0x00,0x00,0x00,0x00,0x00,0x00,0x00,0x00,0x00,0x00,0x00,0x00,0x00,0x00,0x00,0x00,0x00,0x00,0x00,0x00,0x00,0x00,0x00,0x00,0x00,0x00,0x00,0x00,0x00,0x00,0x00,0x00,0x00,0x00,0x02,0x00,0x00,0x00,0x00,0x00,0x00,0x00,0x0f,0x00,0x00,0x00,0x00,0x00,0x02,0x00,0x00,0x00,0x00,0x00,0x00,0x80,0x31,0x00,0x00,0x00,0x00,0x00,0x7c,0x00,0x00,0x00,0x00,0x00,0x00,0x40,0xc0,0x00,0x00,0x00,0x00,0x00,0xc0,0x00,0x00,0x00,0x00,0x00,0x00,0x60,0x80,0x00,0x00,0x00,0x00,0x00,0x80,0x00,0x00,0x00,0x00,0x03,0x00,0x4c,0x00,0x00,0x00,0x00,0xc0,0xff,0xff,0x03,0xf0,0xfc,0xff,0x86,0xff,0xfb,0xff,0xff,0x7f,0x00,0x00,0x00,0x18,0x00,0x98,0x01,0x02,0x03,0x40,0xcc,0x0c,0x62,0x10,0x00,0xc0,0x78,0x7c,0x00,0x8c,0x81,0x0f,0x03,0x70,0xcc,0x30,0x82,0x11,0x00,0x80,0xc8,0x84,0x00,0x84,0x61,0x32,0x03,0x4e,0xcc,0xa0,0x03,0x1d,0x00,0x80,0x88,0x80,0x80,0x84,0x19,0x22,0x03,0x43,0xcc,0x60,0x02,0x13,0x00,0x00,0x81,0x80,0x80,0x98,0x19,0x22,0x03,0x43,0xcc,0x64,0x22,0x13,0x00,0x00,0x83,0xfc,0x80,0x80,0x61,0x3a,0x03,0x4c,0xcc,0x24,0x22,0x11,0x00,0x00,0xc6,0x38,0x80,0x81,0x81,0x02,0x03,0x50,0xcc,0x18,0xc2,0x10,0x00,0x00,0x7c,0xc0,0x00,0xff,0x01,0x03,0x03,0x60,0xcc,0x00,0x02,0x10,0x00,0x00,0x20,0x80,0x03,0x80,0x01,0x03,0x03,0x40,0xcc,0x00,0x02,0x10,0x00,0x00,0x20,0x00,0x01,0x00,0x00,0x00,0x00,0x00,0x00,0x00,0x00,0x00,0x00,0x00,0x3c,0x00,0x00,0x00,0x00,0x00,0x00,0x00,0x00,0x00,0x00,0x00,0x00,0x00,0xe6,0x00,0x00,0x00,0x00,0x00,0x00,0x00,0x00,0x00,0x00,0x00,0x00,0x00,0xb2,0x01,0x00,0x00,0x00,0x00,0x00,0x00,0x00,0x00,0x00,0x00,0x00,0x00,0x1c,0x01,0x00,0x00,0x00,0x00,0x00,0x00,0x00,0x00,0x00,0x00,0x00,0x00,0x00,0x00,0x00,0x00,0x00,0x00,0x00,0x00,0x00,0x00,0x00,0x00,0x00};
#define BN_PHRASE_30_W 110
#define BN_PHRASE_30_H 56
static const uint8_t bn_phrase_31[154] = {0x00,0x00,0x00,0x00,0x00,0x00,0x00,0x00,0x00,0x00,0x00,0x00,0x10,0x00,0x00,0x00,0x00,0x00,0x00,0x30,0x00,0x00,0x00,0x00,0x00,0x00,0xe0,0x07,0x00,0x00,0x00,0x00,0x00,0x00,0x04,0x00,0x00,0x00,0x00,0x00,0x00,0x04,0xf0,0xff,0x00,0x9e,0xff,0xff,0x1f,0x18,0x20,0x00,0x33,0x40,0x40,0x00,0x04,0x20,0x80,0x31,0xf0,0x41,0x00,0x06,0x27,0x80,0x30,0x4c,0x46,0x0e,0x82,0x28,0x90,0x30,0x43,0x44,0x08,0x82,0x30,0x10,0x33,0x43,0x44,0x08,0x82,0x21,0x10,0x30,0x4c,0x47,0x08,0x02,0x21,0x30,0x30,0x50,0x40,0x0c,0x06,0x20,0xe0,0x3f,0x60,0x40,0x06,0x3c,0x20,0x00,0x30,0x60,0xc0,0x03,0x00,0x00,0x00,0x00,0x00,0x00,0x02,0x00,0x00,0x00,0x00,0x00,0xc0,0x03,0x00,0x00,0x00,0x00,0x00,0x60,0x0e,0x00,0x00,0x00,0x00,0x00,0x20,0x1b,0x00,0x00,0x00,0x00,0x00,0xc0,0x11,0x00,0x00,0x00,0x00,0x00,0x00,0x00};
#define BN_PHRASE_31_W 54
#define BN_PHRASE_31_H 22
static const uint8_t bn_phrase_32[840] = {0x00,0x00,0x00,0x00,0x00,0x00,0x00,0x00,0x00,0x00,0x00,0x00,0x00,0x00,0x00,0x00,0x00,0x00,0x00,0x00,0x00,0x00,0x00,0x00,0x00,0x00,0x78,0x00,0x00,0x00,0x00,0x00,0x00,0x00,0x00,0x00,0x00,0x00,0x00,0x00,0x00,0x8c,0x01,0x00,0x00,0x00,0x00,0x00,0x00,0x00,0x00,0x00,0x00,0x00,0x00,0x00,0x02,0x06,0x00,0x00,0x00,0x00,0x00,0x00,0x00,0x00,0x00,0x00,0x00,0x00,0x00,0x03,0x04,0x00,0x00,0x00,0x00,0x0c,0x00,0x80,0x01,0x60,0x00,0x00,0x00,0x00,0x02,0x00,0x00,0x00,0xe0,0xff,0xfb,0xff,0x7f,0xff,0xdf,0xff,0xff,0xff,0x07,0xff,0xff,0xff,0x01,0x00,0x00,0x0c,0x03,0x88,0x01,0x62,0x06,0xc1,0x00,0x00,0x66,0x80,0x41,0x00,0x60,0x66,0x8c,0x00,0x88,0x81,0x63,0x18,0x21,0xe3,0x01,0x66,0x08,0x46,0x00,0x40,0x72,0xcc,0xf0,0x8f,0x71,0x62,0xd0,0x31,0x22,0x03,0x66,0x1e,0x74,0x00,0x40,0x5e,0x4c,0x88,0x89,0x19,0x62,0x30,0x11,0x22,0x02,0xe6,0x09,0x4c,0x00,0xc0,0xc0,0x4c,0x88,0x88,0x19,0x62,0x32,0x11,0x04,0x02,0xe6,0x88,0x4c,0x00,0x80,0xc0,0x4c,0x18,0x88,0x61,0x62,0x12,0x11,0x0c,0x02,0x66,0x88,0x44,0x00,0x80,0x41,0x4c,0x30,0x88,0x81,0x62,0x0c,0x11,0x18,0x03,0x06,0x08,0x43,0x00,0x00,0x63,0xcc,0x00,0x88,0x01,0x63,0x00,0x31,0xf0,0x01,0x06,0x08,0x40,0x00,0x00,0x3c,0x8c,0x07,0x88,0x01,0x62,0x00,0xe1,0x01,0x00,0x06,0x08,0x40,0x00,0x00,0x00,0x00,0x00,0x00,0x00,0x00,0x00,0x00,0x00,0x00,0x00,0x00,0x00,0x00,0x00,0x00,0x00,0x00,0x00,0x00,0x00,0x00,0x00,0x00,0x00,0x00,0x00,0x00,0x00,0x00,0x00,0x00,0x00,0x00,0x00,0x00,0x00,0x00,0x00,0x00,0x00,0x00,0x00,0x00,0x00,0x00,0x00,0x00,0x00,0x00,0x00,0x00,0x00,0x00,0x00,0x00,0x00,0x00,0x00,0x00,0x00,0x03,0x00,0x00,0x00,0x00,0x00,0x06,0x00,0x04,0x00,0x60,0x00,0x18,0xf0,0xff,0xf6,0xff,0x07,0xe0,0xf9,0xff,0xfd,0xdf,0x1d,0xfe,0xdf,0xff,0x37,0x98,0x21,0x83,0x01,0x01,0x30,0x03,0x04,0x86,0x71,0x06,0x00,0x60,0x80,0x18,0x04,0x22,0x43,0xc0,0x01,0x18,0x03,0x1f,0x46,0x20,0x04,0xc6,0x63,0xe0,0x18,0x06,0x26,0x63,0x38,0x01,0x08,0xc3,0x64,0x66,0x70,0x04,0x44,0x66,0x9c,0x18,0x02,0x27,0x23,0x0c,0x01,0x09,0x33,0x44,0x26,0xd8,0x05,0x44,0x64,0x86,0x18,0x82,0x29,0x23,0x0c,0x01,0x31,0x33,0x44,0x26,0x00,0x04,0x08,0x64,0x86,0x18,0x82,0x30,0x23,0x30,0x01,0x01,0xc3,0x74,0x26,0x00,0x04,0x18,0x64,0x98,0x18,0x82,0x21,0x23,0x40,0x01,0x03,0x03,0x05,0x26,0x00,0x04,0x30,0x66,0xa0,0x18,0x06,0x23,0x63,0x98,0x01,0xfe,0x03,0x06,0x66,0x00,0x04,0xe0,0x63,0xcc,0x18,0x3c,0x20,0xc3,0x03,0x01,0x00,0x03,0x06,0xc6,0x03,0x04,0x00,0x60,0x80,0x18,0x00,0x00,0x00,0x00,0x00,0x00,0x00,0x00,0x00,0x00,0x00,0x00,0x00,0x00,0x00,0x00,0x00,0x00,0x00,0x00,0x00,0x00,0x00,0x00,0x00,0x00,0x00,0x00,0x00,0x00,0x00,0x00,0x00,0x00,0x00,0x00,0x00,0x00,0x00,0x00,0x00,0x00,0x00,0x00,0x00,0x00,0x00,0x00,0x00,0x00,0x00,0x00,0x00,0x00,0x00,0x00,0x00,0x00,0x00,0x00,0x00,0x00,0x00,0x00,0x00,0x10,0x00,0x00,0x00,0x00,0x00,0x00,0x00,0x00,0x00,0x00,0x00,0x00,0x00,0x00,0x10,0x00,0x00,0x00,0x00,0x00,0x00,0x00,0x00,0x00,0x00,0x00,0x00,0x00,0x00,0xe0,0x03,0x00,0x00,0x00,0x00,0x00,0x00,0x00,0x00,0x00,0x00,0x00,0x00,0x00,0x00,0x06,0x00,0x00,0x00,0x00,0x00,0x00,0x00,0x00,0x00,0x00,0x00,0x00,0x00,0x00,0x04,0x00,0x00,0x00,0x18,0x00,0x00,0x00,0x00,0x00,0x00,0x00,0x00,0xfe,0xff,0x1f,0x80,0xe7,0xff,0x37,0x00,0x00,0x00,0x00,0x00,0x00,0x00,0x00,0x00,0xc0,0x00,0xc0,0x0c,0x10,0x18,0x00,0x00,0x00,0x00,0x00,0x00,0x00,0x00,0xc6,0xe3,0x03,0x60,0x0c,0x7c,0x18,0x00,0x00,0x00,0x00,0x00,0x00,0x00,0x00,0x44,0x26,0x04,0x20,0x0c,0x93,0x19,0x00,0x00,0x00,0x00,0x00,0x00,0x00,0x00,0x44,0x04,0x04,0x24,0xcc,0x10,0x19,0x00,0x00,0x00,0x00,0x00,0x00,0x00,0x00,0x08,0x04,0x04,0xc4,0xcc,0x10,0x19,0x00,0x00,0x00,0x00,0x00,0x00,0x00,0x00,0x18,0xe4,0x07,0x04,0x0c,0xd3,0x19,0x00,0x00,0x00,0x00,0x00,0x00,0x00,0x00,0x30,0xc6,0x01,0x0c,0x0c,0x14,0x18,0x00,0x00,0x00,0x00,0x00,0x00,0x00,0x00,0xe0,0x03,0x06,0xf8,0x0f,0x18,0x18,0x00,0x00,0x00,0x00,0x00,0x00,0x00,0x00,0x00,0x01,0x1c,0x00,0x0c,0x18,0x18,0x00,0x00,0x00,0x00,0x00,0x00,0x00,0x00,0x00,0x01,0x08,0x00,0x00,0x00,0x00,0x00,0x00,0x00,0x00,0x00,0x00,0x00,0x00,0xe0,0x01,0x00,0x00,0x00,0x00,0x00,0x00,0x00,0x00,0x00,0x00,0x00,0x00,0x00,0x30,0x07,0x00,0x00,0x00,0x00,0x00,0x00,0x00,0x00,0x00,0x00,0x00,0x00,0x00,0x90,0x0d,0x00,0x00,0x00,0x00,0x00,0x00,0x00,0x00,0x00,0x00,0x00,0x00,0x00,0xe0,0x08,0x00,0x00,0x00,0x00,0x00,0x00,0x00,0x00,0x00,0x00,0x00,0x00,0x00,0x00,0x00,0x00,0x00,0x00,0x00,0x00,0x00,0x00,0x00,0x00};
#define BN_PHRASE_32_W 119
#define BN_PHRASE_32_H 56
static const uint8_t bn_phrase_33[896] = {0x00,0x00,0x00,0x00,0x00,0x00,0x00,0x00,0x00,0x00,0x00,0x00,0x00,0x00,0x00,0x00,0x00,0x00,0x00,0x0f,0x00,0x00,0x00,0x00,0x00,0x00,0xc0,0x03,0x00,0x00,0x00,0x00,0x00,0x00,0x80,0x31,0x00,0x00,0x00,0x00,0x00,0x00,0x60,0x0c,0x00,0x00,0x00,0x00,0x00,0x00,0x40,0xc0,0x00,0x00,0x00,0x00,0x00,0x00,0x10,0x30,0x00,0x00,0x00,0x00,0x00,0x00,0x60,0x80,0x00,0x00,0x00,0x00,0x00,0x00,0x18,0x20,0x00,0x00,0x00,0x00,0x00,0x00,0x40,0x00,0x00,0x00,0x00,0x00,0x00,0x00,0x10,0x00,0x00,0x00,0x00,0x00,0x00,0xe0,0xe4,0xff,0xff,0x3f,0xc0,0xff,0x03,0x38,0xf9,0xff,0xff,0xff,0x01,0x00,0x00,0x98,0xcb,0x00,0x31,0x08,0x60,0x80,0x00,0xe6,0x32,0x40,0x30,0x00,0x00,0x00,0x00,0x7b,0xcb,0x00,0xc1,0x08,0x10,0x80,0xc0,0xde,0x32,0x40,0xc8,0x78,0x00,0x00,0x00,0x42,0xc8,0x38,0x81,0x0e,0x18,0x9c,0x80,0x10,0x32,0x4e,0x8c,0xc8,0x00,0x00,0x00,0x42,0xc6,0x44,0x81,0x09,0x08,0xa2,0x80,0x90,0x31,0x51,0x84,0x88,0x00,0x00,0x00,0x34,0xca,0x84,0x91,0x09,0x08,0xc2,0x00,0x8d,0x32,0x61,0x04,0x81,0x00,0x00,0x00,0x0c,0xc8,0x0c,0x91,0x08,0x08,0x86,0x00,0x03,0x32,0x43,0x04,0x83,0x00,0x00,0x00,0x18,0xc8,0x08,0x61,0x08,0x08,0x84,0x00,0x06,0x32,0x42,0x04,0xc6,0x00,0x00,0x00,0x30,0xcc,0x00,0x01,0x08,0x18,0x80,0x00,0x0c,0x33,0x40,0x0c,0x7c,0x00,0x00,0x00,0xc0,0xc7,0x00,0x01,0x08,0xf0,0x80,0x00,0xf0,0x31,0x40,0x78,0x00,0x00,0x00,0x00,0x00,0x00,0x00,0x00,0x00,0x00,0x00,0x00,0x00,0x00,0x00,0x00,0x00,0x00,0x00,0x00,0x00,0x00,0x00,0x00,0x00,0x00,0x00,0x00,0x00,0x00,0x00,0x00,0x00,0x00,0x00,0x00,0x00,0x00,0x00,0x00,0x00,0x00,0x00,0x00,0x00,0x00,0x00,0x00,0x00,0x00,0x00,0x00,0x00,0x00,0x00,0x00,0x00,0x00,0x00,0x00,0x00,0x00,0x00,0x00,0x00,0x00,0x00,0xf0,0x00,0x00,0x00,0x00,0x02,0x00,0x1e,0x00,0x00,0x00,0x00,0x00,0x00,0x00,0x00,0x18,0x03,0x00,0x00,0x00,0x02,0x00,0x63,0x00,0x00,0x00,0x00,0x00,0x00,0x00,0x00,0x04,0x0c,0x00,0x00,0x00,0x7c,0x80,0x80,0x01,0x00,0x00,0x00,0x00,0x00,0x00,0x00,0x06,0x08,0x00,0x00,0x00,0xc0,0xc0,0x00,0x01,0x00,0x00,0x00,0x00,0x00,0x00,0x00,0x04,0x00,0x00,0x00,0x00,0x80,0x80,0x00,0x00,0x00,0x00,0x00,0x80,0x01,0x00,0x00,0xfe,0xff,0xff,0xc3,0xff,0xff,0xc3,0xff,0xff,0xff,0x03,0xfc,0x7f,0xff,0xff,0x01,0xcc,0x00,0x83,0x00,0x00,0x18,0x80,0x01,0x02,0x03,0x00,0x66,0x88,0x61,0x40,0x00,0xcc,0x10,0x8c,0xc0,0x78,0x7c,0x80,0x81,0x0f,0xff,0x00,0x81,0x88,0x11,0x70,0x00,0xcc,0x3c,0xe8,0x80,0xc8,0x84,0x80,0x61,0x32,0xa3,0x81,0x81,0x89,0x19,0x4e,0x00,0xcc,0x13,0x98,0x80,0x88,0x80,0x80,0x19,0x22,0x33,0x81,0xc0,0x89,0x09,0x43,0x00,0xcc,0x11,0x99,0x00,0x81,0x80,0x80,0x19,0x22,0x1e,0x81,0x60,0x8a,0x09,0x43,0x00,0xcc,0x10,0x89,0x00,0x83,0xfc,0x80,0x61,0x3a,0x80,0x80,0x20,0x8c,0x09,0x4c,0x00,0x0c,0x10,0x86,0x00,0xc6,0x38,0x80,0x81,0x02,0xfe,0x80,0x60,0x88,0x09,0x50,0x00,0x0c,0x10,0x80,0x00,0x7c,0xc0,0x80,0x01,0x03,0x7e,0x80,0xc1,0x88,0x19,0x66,0x00,0x0c,0x10,0x80,0x00,0x20,0x80,0x83,0x01,0x03,0xc0,0x01,0x0f,0x88,0xf1,0x40,0x00,0x00,0x00,0x00,0x00,0x20,0x00,0x01,0x00,0x00,0x40,0x02,0x00,0x00,0x00,0x00,0x00,0x00,0x00,0x00,0x00,0x3c,0x00,0x00,0x00,0x00,0x78,0x00,0x00,0x00,0x00,0x00,0x00,0x00,0x00,0x00,0x00,0xe6,0x00,0x00,0x00,0x00,0xcc,0x01,0x00,0x00,0x00,0x00,0x00,0x00,0x00,0x00,0x00,0xb2,0x01,0x00,0x00,0x00,0x44,0x03,0x00,0x00,0x00,0x00,0x00,0x00,0x00,0x00,0x00,0x1c,0x01,0x00,0x00,0x00,0x38,0x02,0x00,0x00,0x00,0x00,0x00,0x00,0x00,0x00,0x00,0x00,0x00,0x00,0x00,0x00,0x00,0x00,0x00,0x00,0x00,0x00,0x00,0x00,0x00,0x00,0x00,0x00,0x00,0x00,0x00,0x00,0x00,0x00,0x00,0x00,0x00,0x00,0x00,0x00,0x00,0x00,0x00,0x00,0x00,0x00,0x00,0x00,0x00,0x00,0x00,0x00,0x00,0x00,0x00,0x00,0x00,0x00,0x00,0x00,0x00,0x00,0x00,0x00,0x00,0x00,0x00,0x00,0x00,0x00,0x00,0x00,0x00,0x00,0x00,0x00,0x00,0x00,0x80,0x01,0x00,0x01,0x00,0x00,0x00,0x00,0x00,0x00,0x00,0x00,0x00,0x00,0x78,0xfe,0x7f,0xff,0x77,0x07,0x00,0x00,0x00,0x00,0x00,0x00,0x00,0x00,0x00,0x00,0xcc,0x00,0x81,0x61,0x9c,0x01,0x00,0x00,0x00,0x00,0x00,0x00,0x00,0x00,0x00,0x00,0xc6,0xc0,0x87,0x11,0x08,0x01,0x00,0x00,0x00,0x00,0x00,0x00,0x00,0x00,0x00,0x00,0xc2,0x30,0x99,0x19,0x1c,0x01,0x00,0x00,0x00,0x00,0x00,0x00,0x00,0x00,0x00,0x40,0xc2,0x0c,0x91,0x09,0x76,0x01,0x00,0x00,0x00,0x00,0x00,0x00,0x00,0x00,0x00,0x40,0xcc,0x0c,0x91,0x09,0x00,0x01,0x00,0x00,0x00,0x00,0x00,0x00,0x00,0x00,0x00,0x40,0xc0,0x30,0x9d,0x09,0x00,0x01,0x00,0x00,0x00,0x00,0x00,0x00,0x00,0x00,0x00,0xc0,0xc0,0x40,0x81,0x09,0x00,0x01,0x00,0x00,0x00,0x00,0x00,0x00,0x00,0x00,0x00,0x80,0xff,0x80,0x81,0x19,0x00,0x01,0x00,0x00,0x00,0x00,0x00,0x00,0x00,0x00,0x00,0x00,0xc0,0x80,0x81,0xf1,0x00,0x01,0x00,0x00,0x00,0x00,0x00,0x00,0x00,0x00,0x00,0x00,0x00,0x00,0x00,0x00,0x00,0x00,0x00,0x00,0x00,0x00,0x00};
#define BN_PHRASE_33_W 122
#define BN_PHRASE_33_H 56
static const uint8_t bn_phrase_34[840] = {0x00,0x00,0x00,0x00,0x00,0x00,0x00,0x00,0x00,0x00,0x00,0x00,0x00,0x00,0x00,0x00,0x00,0x00,0x00,0x00,0x80,0x00,0x00,0x00,0x00,0x00,0x00,0x00,0x00,0x00,0x00,0x00,0x00,0x00,0x80,0x00,0x00,0x00,0x00,0x00,0x00,0x00,0x00,0x00,0x00,0x00,0x00,0x00,0x00,0x1f,0x00,0x00,0x00,0x00,0x00,0x00,0x00,0x00,0x00,0x00,0x00,0x00,0x00,0x30,0x00,0x00,0x00,0x00,0x00,0x00,0x00,0x00,0xc0,0x00,0x30,0x00,0x00,0x20,0x00,0x00,0x00,0x60,0x00,0x00,0x00,0xfc,0xbf,0xfd,0x6f,0xf0,0xff,0xff,0x00,0x1e,0xff,0xdf,0x00,0x00,0x00,0x00,0xc0,0x00,0x32,0x00,0x00,0x06,0x00,0x33,0x80,0x60,0x00,0x00,0x00,0x8c,0xc7,0x80,0x33,0x30,0x1e,0x1f,0x80,0x31,0xe0,0x63,0x00,0x00,0x00,0x88,0xcc,0x70,0x32,0x20,0x32,0x21,0x80,0x30,0x98,0x6c,0x00,0x00,0x00,0x88,0xc8,0x18,0x32,0x20,0x22,0x20,0x90,0x30,0x86,0x68,0x00,0x00,0x00,0x10,0xc8,0x18,0x32,0x40,0x20,0x20,0x10,0x33,0x86,0x68,0x00,0x00,0x00,0x30,0xc8,0x60,0x32,0xc0,0x20,0x3f,0x10,0x30,0x98,0x6e,0x00,0x00,0x00,0x60,0xcc,0x80,0x32,0x80,0x31,0x0e,0x30,0x30,0xa0,0x60,0x00,0x00,0x00,0xc0,0xc7,0x30,0x33,0x00,0x1f,0x30,0xe0,0x3f,0xc0,0x60,0x00,0x00,0x00,0x00,0xc0,0x00,0x32,0x00,0x04,0xe0,0x00,0x30,0xc0,0x60,0x00,0x00,0x00,0x00,0x00,0x00,0x00,0x00,0x04,0x40,0x00,0x00,0x00,0x00,0x00,0x00,0x00,0x00,0x00,0x00,0x00,0x80,0x07,0x00,0x00,0x00,0x00,0x00,0x00,0x00,0x00,0x00,0x00,0x00,0x00,0xc0,0x1c,0x00,0x00,0x00,0x00,0x00,0x00,0x00,0x00,0x00,0x00,0x00,0x00,0x40,0x36,0x00,0x00,0x00,0x00,0x00,0x00,0x00,0x00,0x00,0x00,0x00,0x00,0x80,0x23,0x00,0x00,0x00,0x00,0x00,0x00,0x00,0x00,0x00,0x00,0x00,0x00,0x00,0x00,0x00,0x00,0x00,0x00,0x00,0x00,0x00,0x00,0x00,0x00,0x00,0x00,0x00,0x00,0x00,0x00,0x00,0x00,0x00,0x00,0x00,0x00,0x00,0x00,0x00,0x00,0x00,0x00,0x00,0x00,0x00,0x00,0x00,0x00,0x00,0x00,0x00,0x00,0x00,0x00,0x00,0x00,0x00,0x00,0x00,0x00,0x00,0x00,0x00,0x00,0x00,0x1e,0x00,0x00,0x00,0x00,0x00,0x00,0x80,0x07,0x00,0x00,0x00,0x00,0x00,0x63,0x00,0x00,0x00,0x00,0x00,0x00,0xc0,0x18,0x00,0x00,0x00,0x00,0x80,0x80,0x01,0x00,0x00,0x00,0x00,0x00,0x20,0x60,0x00,0x00,0x00,0x00,0xc0,0x00,0x01,0x00,0x00,0x00,0x00,0x00,0x30,0x40,0x00,0x00,0x00,0x00,0x80,0x00,0x00,0x00,0x00,0x00,0x00,0x00,0x20,0x00,0x00,0x00,0x00,0xc0,0xc9,0xff,0xff,0x7f,0x80,0xff,0x07,0x70,0xf2,0xff,0xff,0xff,0x03,0x30,0x97,0x01,0x62,0x10,0xc0,0x00,0x01,0xcc,0x65,0x80,0x60,0x00,0x00,0xf6,0x96,0x01,0x82,0x11,0x20,0x00,0x81,0xbd,0x65,0x80,0x90,0xf1,0x00,0x84,0x90,0x71,0x02,0x1d,0x30,0x38,0x01,0x21,0x64,0x9c,0x18,0x91,0x01,0x84,0x8c,0x89,0x02,0x13,0x10,0x44,0x01,0x21,0x63,0xa2,0x08,0x11,0x01,0x68,0x94,0x09,0x23,0x13,0x10,0x84,0x01,0x1a,0x65,0xc2,0x08,0x02,0x01,0x18,0x90,0x19,0x22,0x11,0x10,0x0c,0x01,0x06,0x64,0x86,0x08,0x06,0x01,0x30,0x90,0x11,0xc2,0x10,0x10,0x08,0x01,0x0c,0x64,0x84,0x08,0x8c,0x01,0x60,0x98,0x01,0x02,0x10,0x30,0x00,0x01,0x18,0x66,0x80,0x18,0xf8,0x00,0x80,0x8f,0x01,0x02,0x10,0xe0,0x01,0x01,0xe0,0x63,0x80,0xf0,0x00,0x00,0x00,0x00,0x00,0x00,0x00,0x00,0x00,0x00,0x00,0x00,0x00,0x00,0x00,0x00,0x00,0x00,0x00,0x00,0x00,0x00,0x00,0x00,0x00,0x00,0x00,0x00,0x00,0x00,0x00,0x00,0x00,0x00,0x00,0x00,0x00,0x00,0x00,0x00,0x00,0x00,0x00,0x00,0x00,0x00,0x00,0x00,0x00,0x00,0x00,0x00,0x00,0x00,0x00,0x00,0x00,0x00,0x00,0x00,0x00,0x00,0x0f,0x00,0x00,0x00,0x20,0x00,0x00,0x00,0x00,0x00,0x00,0x00,0x00,0x80,0x31,0x00,0x00,0x00,0x20,0x00,0x00,0x00,0x00,0x00,0x00,0x00,0x00,0x40,0xc0,0x00,0x00,0x00,0xc0,0x07,0x00,0x00,0x00,0x00,0x00,0x00,0x00,0x60,0x80,0x00,0x00,0x00,0x00,0x0c,0x00,0x00,0x00,0x00,0x00,0x00,0x00,0x40,0x00,0x00,0x00,0x00,0x00,0x08,0x00,0x00,0x00,0x00,0x00,0x00,0x00,0xe0,0xff,0xff,0x3f,0xfc,0xff,0x3f,0x00,0x00,0x00,0x00,0x00,0x00,0x00,0xc0,0x0c,0x30,0x08,0x00,0x80,0x01,0x00,0x00,0x00,0x00,0x00,0x00,0x00,0xc0,0x0c,0xc1,0x08,0x8c,0xc7,0x07,0x00,0x00,0x00,0x00,0x00,0x00,0x00,0xc0,0xcc,0x83,0x0e,0x88,0x4c,0x08,0x00,0x00,0x00,0x00,0x00,0x00,0x00,0xc0,0x3c,0x81,0x09,0x88,0x08,0x08,0x00,0x00,0x00,0x00,0x00,0x00,0x00,0xc0,0x1c,0x91,0x09,0x10,0x08,0x08,0x00,0x00,0x00,0x00,0x00,0x00,0x00,0xc0,0x0c,0x91,0x08,0x30,0xc8,0x0f,0x00,0x00,0x00,0x00,0x00,0x00,0x00,0xc0,0x00,0x61,0x08,0x60,0x8c,0x03,0x00,0x00,0x00,0x00,0x00,0x00,0x00,0xc0,0x00,0x01,0x08,0xc0,0x07,0x0c,0x00,0x00,0x00,0x00,0x00,0x00,0x00,0xc0,0x00,0x01,0x08,0x00,0x02,0x38,0x00,0x00,0x00,0x00,0x00,0x00,0x00,0x00,0x00,0x00,0x00,0x00,0x02,0x10,0x00,0x00,0x00,0x00};
#define BN_PHRASE_34_W 107
#define BN_PHRASE_34_H 60
static const uint8_t bn_phrase_35[840] = {0x00,0x00,0x00,0x00,0x00,0x00,0x00,0x00,0x00,0x00,0x00,0x00,0x00,0x00,0x00,0x1e,0x00,0x00,0x00,0x00,0x00,0x00,0x00,0x00,0x00,0x00,0x00,0x00,0x00,0x63,0x00,0x00,0x00,0x00,0x00,0x00,0x00,0x00,0x00,0x00,0x00,0x00,0x80,0x80,0x01,0x00,0x00,0x00,0x00,0x00,0x00,0x00,0x00,0x00,0x00,0x00,0xc0,0x00,0x01,0x00,0x00,0x00,0x00,0x00,0x00,0x00,0x00,0x00,0x00,0x00,0x80,0x00,0x00,0x00,0x00,0x00,0x80,0x01,0x00,0x00,0x00,0x00,0x00,0x00,0xc0,0xff,0xff,0xff,0x03,0xfc,0x7f,0xff,0xff,0x03,0x78,0xfe,0xff,0x01,0x80,0x01,0x02,0x03,0x00,0x66,0x88,0x61,0x80,0x00,0xcc,0x30,0x40,0x00,0x80,0x81,0x0f,0xff,0x00,0x81,0x88,0x11,0xe0,0x60,0xc2,0x08,0x70,0x00,0x80,0x61,0x32,0xa3,0x81,0x81,0x89,0x19,0x9c,0x40,0x42,0x0c,0x4e,0x00,0x80,0x19,0x22,0x33,0x81,0xc0,0x89,0x09,0x86,0xc0,0x74,0x04,0x43,0x00,0x80,0x19,0x22,0x1e,0x81,0x60,0x8a,0x09,0x86,0x80,0xd0,0x04,0x43,0x00,0x80,0x61,0x3a,0x80,0x80,0x20,0x8c,0x09,0x98,0x80,0x81,0x04,0x4c,0x00,0x80,0x81,0x02,0xfe,0x80,0x60,0x88,0x09,0xa0,0x00,0xc1,0x04,0x50,0x00,0x80,0x01,0x03,0x7e,0x80,0xc1,0x88,0x19,0xcc,0x00,0x46,0x0c,0x66,0x00,0x80,0x01,0x03,0xc0,0x01,0x0f,0x88,0xf1,0x80,0x00,0x3c,0x78,0x40,0x00,0x00,0x00,0x00,0x40,0x02,0x00,0x00,0x00,0x00,0x00,0x00,0x00,0x00,0x00,0x00,0x00,0x00,0x78,0x00,0x00,0x00,0x00,0x00,0x00,0x00,0x00,0x00,0x00,0x00,0x00,0x00,0xcc,0x01,0x00,0x00,0x00,0x00,0x00,0x00,0x00,0x00,0x00,0x00,0x00,0x00,0x44,0x03,0x00,0x00,0x00,0x00,0x00,0x00,0x00,0x00,0x00,0x00,0x00,0x00,0x38,0x02,0x00,0x00,0x00,0x00,0x00,0x00,0x00,0x00,0x00,0x00,0x00,0x00,0x00,0x00,0x00,0x00,0x00,0x00,0x00,0x00,0x00,0x00,0x00,0x00,0x00,0x00,0x00,0x00,0x00,0x00,0x00,0x00,0x00,0x00,0x00,0x00,0x00,0x00,0x00,0x00,0x00,0x00,0x00,0x00,0x00,0x00,0x00,0x00,0x00,0x00,0x00,0x00,0x00,0x00,0x00,0x00,0x00,0x00,0x00,0x00,0x00,0x00,0x00,0x00,0x00,0x00,0x00,0x00,0x00,0x00,0x00,0x00,0x00,0x00,0x40,0x00,0x00,0x40,0x00,0x00,0x00,0x00,0x00,0x00,0x00,0x00,0x00,0x00,0x40,0x00,0x00,0x40,0x00,0x00,0x00,0x00,0x00,0x00,0x00,0x00,0x00,0x00,0x80,0x0f,0x00,0x80,0x0f,0x00,0x00,0x00,0x00,0x00,0x00,0x00,0x00,0x00,0x00,0x18,0x00,0x00,0x18,0x00,0x00,0x00,0x00,0xc0,0x00,0x00,0x30,0x00,0x00,0x10,0x00,0x00,0x10,0xfe,0xff,0x3f,0xfc,0xbf,0xff,0xff,0x6f,0xf8,0xff,0x7f,0xf8,0xff,0x7f,0x0c,0x02,0x08,0x00,0xc0,0x30,0x00,0x31,0x00,0x00,0x03,0x00,0x00,0x03,0x30,0x02,0x0e,0xcc,0xcc,0x08,0x00,0x31,0x18,0x8f,0x0f,0x18,0x8f,0x0f,0xa0,0xc3,0x09,0x48,0xce,0x0c,0xfe,0x31,0x10,0x99,0x10,0x10,0x99,0x10,0x60,0x62,0x08,0xc8,0xcb,0x04,0x31,0x31,0x10,0x11,0x10,0x10,0x11,0x10,0x64,0x62,0x08,0x18,0xd8,0x04,0x11,0x31,0x20,0x10,0x10,0x20,0x10,0x10,0x24,0x82,0x09,0x10,0xd8,0x04,0x03,0x31,0x60,0x90,0x1f,0x60,0x90,0x1f,0x18,0x02,0x0a,0x30,0xc8,0x04,0x06,0x31,0xc0,0x18,0x07,0xc0,0x18,0x07,0x00,0x02,0x0c,0x60,0xcc,0x0c,0x00,0x31,0x80,0x0f,0x18,0x80,0x0f,0x18,0x00,0x02,0x08,0x80,0xc7,0x78,0x00,0x31,0x00,0x04,0x70,0x00,0x04,0x70,0x00,0x00,0x00,0x00,0x00,0x00,0x00,0x00,0x00,0x04,0x20,0x00,0x04,0x20,0x00,0x00,0x00,0x00,0x00,0x00,0x00,0x00,0x80,0x07,0x00,0x80,0x07,0x00,0x00,0x00,0x00,0x00,0x00,0x00,0x00,0x00,0xc0,0x1c,0x00,0xc0,0x1c,0x00,0x00,0x00,0x00,0x00,0x00,0x00,0x00,0x00,0x40,0x36,0x00,0x40,0x36,0x00,0x00,0x00,0x00,0x00,0x00,0x00,0x00,0x00,0x80,0x23,0x00,0x80,0x23,0x00,0x00,0x00,0x00,0x00,0x00,0x00,0x00,0x00,0x00,0x00,0x00,0x00,0x00,0x00,0x00,0x00,0x00,0x00,0x00,0x00,0x00,0x00,0x00,0x00,0x00,0x00,0x00,0x00,0x00,0x00,0x00,0x00,0x00,0x00,0x00,0x00,0x00,0x00,0x00,0x00,0x00,0x00,0x00,0x00,0x00,0x00,0x00,0x00,0x00,0x00,0x00,0x00,0x00,0x00,0x00,0x00,0x00,0x00,0x00,0x00,0x00,0x00,0x00,0x00,0xe0,0x01,0x00,0x00,0x00,0x00,0x00,0x00,0x00,0x00,0x00,0x00,0x00,0x00,0x30,0x06,0x00,0x00,0x00,0x00,0x00,0x00,0x00,0x00,0x00,0x00,0x00,0x00,0x08,0x18,0x00,0x00,0x00,0x00,0x00,0x00,0x00,0x00,0x00,0x00,0x00,0x00,0x0c,0x10,0x00,0x00,0x00,0x00,0x00,0x00,0x00,0x00,0x00,0x60,0x00,0x80,0x09,0x00,0x00,0x00,0x00,0x00,0x00,0x00,0x00,0x9e,0xff,0xdf,0xf0,0x7f,0xff,0xff,0xff,0x0f,0x00,0x00,0x00,0x00,0x00,0x33,0x40,0x60,0x00,0x88,0x99,0x41,0x0c,0x02,0x00,0x00,0x00,0x00,0x80,0x31,0xf0,0x61,0x00,0x8e,0x19,0x46,0x30,0x02,0x00,0x00,0x00,0x00,0x80,0x30,0x4c,0x66,0xc0,0x89,0x19,0x74,0xa0,0x03,0x00,0x00,0x00,0x00,0x90,0x30,0x43,0x64,0x60,0x88,0x19,0x4c,0x60,0x02,0x00,0x00,0x00,0x00,0x10,0x33,0x43,0x64,0x60,0x88,0x99,0x4c,0x64,0x02,0x00,0x00};
#define BN_PHRASE_35_W 112
#define BN_PHRASE_35_H 60
static const uint8_t bn_phrase_36[154] = {0x00,0x00,0x00,0x00,0x00,0x00,0x00,0x00,0x00,0x00,0x00,0x00,0x10,0x00,0x00,0x00,0x00,0x00,0x00,0x30,0x00,0x00,0x00,0x00,0x00,0x00,0xe0,0x07,0x00,0x00,0x00,0x00,0x00,0x00,0x04,0x00,0x00,0x00,0x00,0x00,0x00,0x04,0xf0,0xff,0x00,0x9e,0xff,0xff,0x1f,0x18,0x20,0x00,0x33,0x40,0x40,0x00,0x04,0x20,0x80,0x31,0xf0,0x41,0x00,0x06,0x27,0x80,0x30,0x4c,0x46,0x0e,0x82,0x28,0x90,0x30,0x43,0x44,0x08,0x82,0x30,0x10,0x33,0x43,0x44,0x08,0x82,0x21,0x10,0x30,0x4c,0x47,0x08,0x02,0x21,0x30,0x30,0x50,0x40,0x0c,0x06,0x20,0xe0,0x3f,0x60,0x40,0x06,0x3c,0x20,0x00,0x30,0x60,0xc0,0x03,0x00,0x00,0x00,0x00,0x00,0x00,0x02,0x00,0x00,0x00,0x00,0x00,0xc0,0x03,0x00,0x00,0x00,0x00,0x00,0x60,0x0e,0x00,0x00,0x00,0x00,0x00,0x20,0x1b,0x00,0x00,0x00,0x00,0x00,0xc0,0x11,0x00,0x00,0x00,0x00,0x00,0x00,0x00};
#define BN_PHRASE_36_W 54
#define BN_PHRASE_36_H 22
static const uint8_t bn_phrase_37[784] = {0x00,0x00,0x00,0x00,0x00,0x00,0x00,0x00,0x00,0x00,0x00,0x00,0x00,0x00,0x00,0x00,0x00,0x00,0x00,0x00,0x00,0x00,0x00,0x00,0x80,0x07,0x00,0x00,0x00,0x00,0x00,0x00,0x00,0x00,0x00,0x00,0x00,0x00,0xc0,0x18,0x00,0x00,0x00,0x00,0x00,0x00,0x00,0x00,0x00,0x00,0x00,0x00,0x20,0x60,0x00,0x00,0x00,0x00,0x00,0x00,0x00,0x00,0x00,0x00,0x00,0x00,0x30,0x40,0x00,0x00,0x00,0xc0,0x00,0x00,0x18,0x00,0x06,0x00,0x00,0x00,0x20,0x00,0x00,0x00,0xfe,0xbf,0xff,0xff,0xf7,0xff,0xfd,0xff,0xff,0x7f,0xf0,0xff,0xff,0x1f,0x00,0xc0,0x30,0x80,0x18,0x20,0x66,0x10,0x0c,0x00,0x60,0x06,0x18,0x04,0x66,0xc6,0x08,0x80,0x18,0x38,0x86,0x11,0x32,0x1e,0x60,0x86,0x60,0x04,0x24,0xc7,0x0c,0xff,0x18,0x27,0x06,0x1d,0x23,0x32,0x60,0xe6,0x41,0x07,0xe4,0xc5,0x84,0x98,0x98,0x21,0x06,0x13,0x21,0x22,0x60,0x9e,0xc0,0x04,0x0c,0xcc,0x84,0x88,0x98,0x21,0x26,0x13,0x41,0x20,0x60,0x8e,0xc8,0x04,0x08,0xcc,0x84,0x81,0x18,0x26,0x26,0x11,0xc1,0x20,0x60,0x86,0x48,0x04,0x18,0xc4,0x04,0x83,0x18,0x28,0xc6,0x10,0x81,0x31,0x60,0x80,0x30,0x04,0x30,0xc6,0x0c,0x80,0x18,0x30,0x06,0x10,0x03,0x1f,0x60,0x80,0x00,0x04,0xc0,0xc3,0x78,0x80,0x18,0x20,0x06,0x10,0x1e,0x00,0x60,0x80,0x00,0x04,0x00,0x00,0x00,0x00,0x00,0x00,0x00,0x00,0x00,0x00,0x00,0x00,0x00,0x00,0x00,0x00,0x00,0x00,0x00,0x00,0x00,0x00,0x00,0x00,0x00,0x00,0x00,0x00,0x00,0x00,0x00,0x00,0x00,0x00,0x00,0x00,0x00,0x00,0x00,0x00,0x00,0x00,0x00,0x00,0x00,0x00,0x00,0x00,0x00,0x00,0x00,0x00,0x00,0x00,0x00,0x00,0x00,0x00,0x30,0x00,0x00,0x00,0x00,0x00,0x00,0x00,0x03,0x00,0xc0,0x00,0x00,0xff,0x6f,0xff,0x7f,0xf8,0xff,0xff,0xf0,0xff,0xfe,0xff,0xbf,0x01,0x80,0x19,0x32,0x18,0x10,0x30,0x08,0x20,0x00,0x00,0xc3,0x00,0xc4,0x00,0x40,0x20,0x32,0x04,0x1c,0xc0,0x08,0x38,0x30,0x33,0x23,0x00,0xc4,0x00,0x60,0x60,0x32,0x86,0x13,0x80,0x0e,0x27,0x20,0x39,0x33,0xf8,0xc7,0x00,0x20,0x70,0x32,0xc2,0x10,0x80,0x89,0x21,0x20,0x2f,0x13,0xc4,0xc4,0x00,0x20,0x98,0x32,0xc2,0x10,0x90,0x89,0x21,0x60,0x60,0x13,0x44,0xc4,0x00,0x20,0x08,0x33,0x02,0x13,0x90,0x08,0x26,0x40,0x60,0x13,0x0c,0xc4,0x00,0x20,0x18,0x32,0x02,0x14,0x60,0x08,0x28,0xc0,0x20,0x13,0x18,0xc4,0x00,0x60,0x30,0x32,0x86,0x19,0x00,0x08,0x30,0x80,0x31,0x33,0x00,0xc4,0x00,0xc0,0x03,0x32,0x3c,0x10,0x00,0x08,0x20,0x00,0x1e,0xe3,0x01,0xc4,0x00,0x00,0x00,0x00,0x00,0x00,0x00,0x00,0x00,0x00,0x00,0x00,0x00,0x00,0x00,0x00,0x00,0x00,0x00,0x00,0x00,0x00,0x00,0x00,0x00,0x00,0x00,0x00,0x00,0x00,0x00,0x00,0x00,0x00,0x00,0x00,0x00,0x00,0x00,0x00,0x00,0x00,0x00,0x00,0x00,0x00,0x00,0x00,0x00,0x00,0x00,0x00,0x00,0x00,0x00,0x00,0x00,0x00,0x00,0x02,0x00,0x00,0x00,0x00,0x00,0x00,0x00,0x0f,0x00,0x00,0x00,0x00,0x00,0x02,0x00,0x00,0x00,0x00,0x00,0x00,0x80,0x31,0x00,0x00,0x00,0x00,0x00,0x7c,0x00,0x00,0x00,0x00,0x00,0x00,0x40,0xc0,0x00,0x00,0x00,0x00,0x00,0xc0,0x00,0x00,0x00,0x00,0x00,0x00,0x60,0x80,0x00,0x00,0x00,0x00,0x00,0x80,0x00,0x00,0x00,0x00,0x03,0x00,0x4c,0x00,0x00,0x00,0x00,0xc0,0xff,0xff,0x03,0xf0,0xfc,0xff,0x86,0xff,0xfb,0xff,0xff,0x7f,0x00,0x00,0x00,0x18,0x00,0x98,0x01,0x02,0x03,0x40,0xcc,0x0c,0x62,0x10,0x00,0xc0,0x78,0x7c,0x00,0x8c,0x81,0x0f,0x03,0x70,0xcc,0x30,0x82,0x11,0x00,0x80,0xc8,0x84,0x00,0x84,0x61,0x32,0x03,0x4e,0xcc,0xa0,0x03,0x1d,0x00,0x80,0x88,0x80,0x80,0x84,0x19,0x22,0x03,0x43,0xcc,0x60,0x02,0x13,0x00,0x00,0x81,0x80,0x80,0x98,0x19,0x22,0x03,0x43,0xcc,0x64,0x22,0x13,0x00,0x00,0x83,0xfc,0x80,0x80,0x61,0x3a,0x03,0x4c,0xcc,0x24,0x22,0x11,0x00,0x00,0xc6,0x38,0x80,0x81,0x81,0x02,0x03,0x50,0xcc,0x18,0xc2,0x10,0x00,0x00,0x7c,0xc0,0x00,0xff,0x01,0x03,0x03,0x60,0xcc,0x00,0x02,0x10,0x00,0x00,0x20,0x80,0x03,0x80,0x01,0x03,0x03,0x40,0xcc,0x00,0x02,0x10,0x00,0x00,0x20,0x00,0x01,0x00,0x00,0x00,0x00,0x00,0x00,0x00,0x00,0x00,0x00,0x00,0x3c,0x00,0x00,0x00,0x00,0x00,0x00,0x00,0x00,0x00,0x00,0x00,0x00,0x00,0xe6,0x00,0x00,0x00,0x00,0x00,0x00,0x00,0x00,0x00,0x00,0x00,0x00,0x00,0xb2,0x01,0x00,0x00,0x00,0x00,0x00,0x00,0x00,0x00,0x00,0x00,0x00,0x00,0x1c,0x01,0x00,0x00,0x00,0x00,0x00,0x00,0x00,0x00,0x00,0x00,0x00,0x00,0x00,0x00,0x00,0x00,0x00,0x00,0x00,0x00,0x00,0x00,0x00,0x00,0x00};
#define BN_PHRASE_37_W 110
#define BN_PHRASE_37_H 56
static const uint8_t bn_phrase_38[154] = {0x00,0x00,0x00,0x00,0x00,0x00,0x00,0x00,0x00,0x00,0x00,0x00,0x10,0x00,0x00,0x00,0x00,0x00,0x00,0x30,0x00,0x00,0x00,0x00,0x00,0x00,0xe0,0x07,0x00,0x00,0x00,0x00,0x00,0x00,0x04,0x00,0x00,0x00,0x00,0x00,0x00,0x04,0xf0,0xff,0x00,0x9e,0xff,0xff,0x1f,0x18,0x20,0x00,0x33,0x40,0x40,0x00,0x04,0x20,0x80,0x31,0xf0,0x41,0x00,0x06,0x27,0x80,0x30,0x4c,0x46,0x0e,0x82,0x28,0x90,0x30,0x43,0x44,0x08,0x82,0x30,0x10,0x33,0x43,0x44,0x08,0x82,0x21,0x10,0x30,0x4c,0x47,0x08,0x02,0x21,0x30,0x30,0x50,0x40,0x0c,0x06,0x20,0xe0,0x3f,0x60,0x40,0x06,0x3c,0x20,0x00,0x30,0x60,0xc0,0x03,0x00,0x00,0x00,0x00,0x00,0x00,0x02,0x00,0x00,0x00,0x00,0x00,0xc0,0x03,0x00,0x00,0x00,0x00,0x00,0x60,0x0e,0x00,0x00,0x00,0x00,0x00,0x20,0x1b,0x00,0x00,0x00,0x00,0x00,0xc0,0x11,0x00,0x00,0x00,0x00,0x00,0x00,0x00};
#define BN_PHRASE_38_W 54
#define BN_PHRASE_38_H 22
static const uint8_t bn_phrase_39[784] = {0x00,0x00,0x00,0x00,0x00,0x00,0x00,0x00,0x00,0x00,0x00,0x00,0x00,0x00,0x00,0x00,0x00,0x00,0x00,0x00,0x00,0x00,0x00,0x00,0x80,0x07,0x00,0x00,0x00,0x00,0x00,0x00,0x00,0x00,0x00,0x00,0x00,0x00,0xc0,0x18,0x00,0x00,0x00,0x00,0x00,0x00,0x00,0x00,0x00,0x00,0x00,0x00,0x20,0x60,0x00,0x00,0x00,0x00,0x00,0x00,0x00,0x00,0x00,0x00,0x00,0x00,0x30,0x40,0x00,0x00,0x00,0xc0,0x00,0x00,0x18,0x00,0x06,0x00,0x00,0x00,0x20,0x00,0x00,0x00,0xfe,0xbf,0xff,0xff,0xf7,0xff,0xfd,0xff,0xff,0x7f,0xf0,0xff,0xff,0x1f,0x00,0xc0,0x30,0x80,0x18,0x20,0x66,0x10,0x0c,0x00,0x60,0x06,0x18,0x04,0x66,0xc6,0x08,0x80,0x18,0x38,0x86,0x11,0x32,0x1e,0x60,0x86,0x60,0x04,0x24,0xc7,0x0c,0xff,0x18,0x27,0x06,0x1d,0x23,0x32,0x60,0xe6,0x41,0x07,0xe4,0xc5,0x84,0x98,0x98,0x21,0x06,0x13,0x21,0x22,0x60,0x9e,0xc0,0x04,0x0c,0xcc,0x84,0x88,0x98,0x21,0x26,0x13,0x41,0x20,0x60,0x8e,0xc8,0x04,0x08,0xcc,0x84,0x81,0x18,0x26,0x26,0x11,0xc1,0x20,0x60,0x86,0x48,0x04,0x18,0xc4,0x04,0x83,0x18,0x28,0xc6,0x10,0x81,0x31,0x60,0x80,0x30,0x04,0x30,0xc6,0x0c,0x80,0x18,0x30,0x06,0x10,0x03,0x1f,0x60,0x80,0x00,0x04,0xc0,0xc3,0x78,0x80,0x18,0x20,0x06,0x10,0x1e,0x00,0x60,0x80,0x00,0x04,0x00,0x00,0x00,0x00,0x00,0x00,0x00,0x00,0x00,0x00,0x00,0x00,0x00,0x00,0x00,0x00,0x00,0x00,0x00,0x00,0x00,0x00,0x00,0x00,0x00,0x00,0x00,0x00,0x00,0x00,0x00,0x00,0x00,0x00,0x00,0x00,0x00,0x00,0x00,0x00,0x00,0x00,0x00,0x00,0x00,0x00,0x00,0x00,0x00,0x00,0x00,0x00,0x00,0x00,0x00,0x00,0x00,0x00,0x30,0x00,0x00,0x00,0x00,0x00,0x00,0x00,0x03,0x00,0xc0,0x00,0x00,0xff,0x6f,0xff,0x7f,0xf8,0xff,0xff,0xf0,0xff,0xfe,0xff,0xbf,0x01,0x80,0x19,0x32,0x18,0x10,0x30,0x08,0x20,0x00,0x00,0xc3,0x00,0xc4,0x00,0x40,0x20,0x32,0x04,0x1c,0xc0,0x08,0x38,0x30,0x33,0x23,0x00,0xc4,0x00,0x60,0x60,0x32,0x86,0x13,0x80,0x0e,0x27,0x20,0x39,0x33,0xf8,0xc7,0x00,0x20,0x70,0x32,0xc2,0x10,0x80,0x89,0x21,0x20,0x2f,0x13,0xc4,0xc4,0x00,0x20,0x98,0x32,0xc2,0x10,0x90,0x89,0x21,0x60,0x60,0x13,0x44,0xc4,0x00,0x20,0x08,0x33,0x02,0x13,0x90,0x08,0x26,0x40,0x60,0x13,0x0c,0xc4,0x00,0x20,0x18,0x32,0x02,0x14,0x60,0x08,0x28,0xc0,0x20,0x13,0x18,0xc4,0x00,0x60,0x30,0x32,0x86,0x19,0x00,0x08,0x30,0x80,0x31,0x33,0x00,0xc4,0x00,0xc0,0x03,0x32,0x3c,0x10,0x00,0x08,0x20,0x00,0x1e,0xe3,0x01,0xc4,0x00,0x00,0x00,0x00,0x00,0x00,0x00,0x00,0x00,0x00,0x00,0x00,0x00,0x00,0x00,0x00,0x00,0x00,0x00,0x00,0x00,0x00,0x00,0x00,0x00,0x00,0x00,0x00,0x00,0x00,0x00,0x00,0x00,0x00,0x00,0x00,0x00,0x00,0x00,0x00,0x00,0x00,0x00,0x00,0x00,0x00,0x00,0x00,0x00,0x00,0x00,0x00,0x00,0x00,0x00,0x00,0x00,0x00,0x00,0x02,0x00,0x00,0x00,0x00,0x00,0x00,0x00,0x0f,0x00,0x00,0x00,0x00,0x00,0x02,0x00,0x00,0x00,0x00,0x00,0x00,0x80,0x31,0x00,0x00,0x00,0x00,0x00,0x7c,0x00,0x00,0x00,0x00,0x00,0x00,0x40,0xc0,0x00,0x00,0x00,0x00,0x00,0xc0,0x00,0x00,0x00,0x00,0x00,0x00,0x60,0x80,0x00,0x00,0x00,0x00,0x00,0x80,0x00,0x00,0x00,0x00,0x03,0x00,0x4c,0x00,0x00,0x00,0x00,0xc0,0xff,0xff,0x03,0xf0,0xfc,0xff,0x86,0xff,0xfb,0xff,0xff,0x7f,0x00,0x00,0x00,0x18,0x00,0x98,0x01,0x02,0x03,0x40,0xcc,0x0c,0x62,0x10,0x00,0xc0,0x78,0x7c,0x00,0x8c,0x81,0x0f,0x03,0x70,0xcc,0x30,0x82,0x11,0x00,0x80,0xc8,0x84,0x00,0x84,0x61,0x32,0x03,0x4e,0xcc,0xa0,0x03,0x1d,0x00,0x80,0x88,0x80,0x80,0x84,0x19,0x22,0x03,0x43,0xcc,0x60,0x02,0x13,0x00,0x00,0x81,0x80,0x80,0x98,0x19,0x22,0x03,0x43,0xcc,0x64,0x22,0x13,0x00,0x00,0x83,0xfc,0x80,0x80,0x61,0x3a,0x03,0x4c,0xcc,0x24,0x22,0x11,0x00,0x00,0xc6,0x38,0x80,0x81,0x81,0x02,0x03,0x50,0xcc,0x18,0xc2,0x10,0x00,0x00,0x7c,0xc0,0x00,0xff,0x01,0x03,0x03,0x60,0xcc,0x00,0x02,0x10,0x00,0x00,0x20,0x80,0x03,0x80,0x01,0x03,0x03,0x40,0xcc,0x00,0x02,0x10,0x00,0x00,0x20,0x00,0x01,0x00,0x00,0x00,0x00,0x00,0x00,0x00,0x00,0x00,0x00,0x00,0x3c,0x00,0x00,0x00,0x00,0x00,0x00,0x00,0x00,0x00,0x00,0x00,0x00,0x00,0xe6,0x00,0x00,0x00,0x00,0x00,0x00,0x00,0x00,0x00,0x00,0x00,0x00,0x00,0xb2,0x01,0x00,0x00,0x00,0x00,0x00,0x00,0x00,0x00,0x00,0x00,0x00,0x00,0x1c,0x01,0x00,0x00,0x00,0x00,0x00,0x00,0x00,0x00,0x00,0x00,0x00,0x00,0x00,0x00,0x00,0x00,0x00,0x00,0x00,0x00,0x00,0x00,0x00,0x00,0x00};
#define BN_PHRASE_39_W 110
#define BN_PHRASE_39_H 56
static const uint8_t bn_phrase_40[154] = {0x00,0x00,0x00,0x00,0x00,0x00,0x00,0x00,0x00,0x00,0x00,0x00,0x10,0x00,0x00,0x00,0x00,0x00,0x00,0x30,0x00,0x00,0x00,0x00,0x00,0x00,0xe0,0x07,0x00,0x00,0x00,0x00,0x00,0x00,0x04,0x00,0x00,0x00,0x00,0x00,0x00,0x04,0xf0,0xff,0x00,0x9e,0xff,0xff,0x1f,0x18,0x20,0x00,0x33,0x40,0x40,0x00,0x04,0x20,0x80,0x31,0xf0,0x41,0x00,0x06,0x27,0x80,0x30,0x4c,0x46,0x0e,0x82,0x28,0x90,0x30,0x43,0x44,0x08,0x82,0x30,0x10,0x33,0x43,0x44,0x08,0x82,0x21,0x10,0x30,0x4c,0x47,0x08,0x02,0x21,0x30,0x30,0x50,0x40,0x0c,0x06,0x20,0xe0,0x3f,0x60,0x40,0x06,0x3c,0x20,0x00,0x30,0x60,0xc0,0x03,0x00,0x00,0x00,0x00,0x00,0x00,0x02,0x00,0x00,0x00,0x00,0x00,0xc0,0x03,0x00,0x00,0x00,0x00,0x00,0x60,0x0e,0x00,0x00,0x00,0x00,0x00,0x20,0x1b,0x00,0x00,0x00,0x00,0x00,0xc0,0x11,0x00,0x00,0x00,0x00,0x00,0x00,0x00};
#define BN_PHRASE_40_W 54
#define BN_PHRASE_40_H 22
static const uint8_t bn_phrase_41[784] = {0x00,0x00,0x00,0x00,0x00,0x00,0x00,0x00,0x00,0x00,0x00,0x00,0x00,0x00,0x00,0x00,0x00,0x00,0x00,0x00,0x00,0x00,0x00,0x00,0x80,0x07,0x00,0x00,0x00,0x00,0x00,0x00,0x00,0x00,0x00,0x00,0x00,0x00,0xc0,0x18,0x00,0x00,0x00,0x00,0x00,0x00,0x00,0x00,0x00,0x00,0x00,0x00,0x20,0x60,0x00,0x00,0x00,0x00,0x00,0x00,0x00,0x00,0x00,0x00,0x00,0x00,0x30,0x40,0x00,0x00,0x00,0xc0,0x00,0x00,0x18,0x00,0x06,0x00,0x00,0x00,0x20,0x00,0x00,0x00,0xfe,0xbf,0xff,0xff,0xf7,0xff,0xfd,0xff,0xff,0x7f,0xf0,0xff,0xff,0x1f,0x00,0xc0,0x30,0x80,0x18,0x20,0x66,0x10,0x0c,0x00,0x60,0x06,0x18,0x04,0x66,0xc6,0x08,0x80,0x18,0x38,0x86,0x11,0x32,0x1e,0x60,0x86,0x60,0x04,0x24,0xc7,0x0c,0xff,0x18,0x27,0x06,0x1d,0x23,0x32,0x60,0xe6,0x41,0x07,0xe4,0xc5,0x84,0x98,0x98,0x21,0x06,0x13,0x21,0x22,0x60,0x9e,0xc0,0x04,0x0c,0xcc,0x84,0x88,0x98,0x21,0x26,0x13,0x41,0x20,0x60,0x8e,0xc8,0x04,0x08,0xcc,0x84,0x81,0x18,0x26,0x26,0x11,0xc1,0x20,0x60,0x86,0x48,0x04,0x18,0xc4,0x04,0x83,0x18,0x28,0xc6,0x10,0x81,0x31,0x60,0x80,0x30,0x04,0x30,0xc6,0x0c,0x80,0x18,0x30,0x06,0x10,0x03,0x1f,0x60,0x80,0x00,0x04,0xc0,0xc3,0x78,0x80,0x18,0x20,0x06,0x10,0x1e,0x00,0x60,0x80,0x00,0x04,0x00,0x00,0x00,0x00,0x00,0x00,0x00,0x00,0x00,0x00,0x00,0x00,0x00,0x00,0x00,0x00,0x00,0x00,0x00,0x00,0x00,0x00,0x00,0x00,0x00,0x00,0x00,0x00,0x00,0x00,0x00,0x00,0x00,0x00,0x00,0x00,0x00,0x00,0x00,0x00,0x00,0x00,0x00,0x00,0x00,0x00,0x00,0x00,0x00,0x00,0x00,0x00,0x00,0x00,0x00,0x00,0x00,0x00,0x30,0x00,0x00,0x00,0x00,0x00,0x00,0x00,0x03,0x00,0xc0,0x00,0x00,0xff,0x6f,0xff,0x7f,0xf8,0xff,0xff,0xf0,0xff,0xfe,0xff,0xbf,0x01,0x80,0x19,0x32,0x18,0x10,0x30,0x08,0x20,0x00,0x00,0xc3,0x00,0xc4,0x00,0x40,0x20,0x32,0x04,0x1c,0xc0,0x08,0x38,0x30,0x33,0x23,0x00,0xc4,0x00,0x60,0x60,0x32,0x86,0x13,0x80,0x0e,0x27,0x20,0x39,0x33,0xf8,0xc7,0x00,0x20,0x70,0x32,0xc2,0x10,0x80,0x89,0x21,0x20,0x2f,0x13,0xc4,0xc4,0x00,0x20,0x98,0x32,0xc2,0x10,0x90,0x89,0x21,0x60,0x60,0x13,0x44,0xc4,0x00,0x20,0x08,0x33,0x02,0x13,0x90,0x08,0x26,0x40,0x60,0x13,0x0c,0xc4,0x00,0x20,0x18,0x32,0x02,0x14,0x60,0x08,0x28,0xc0,0x20,0x13,0x18,0xc4,0x00,0x60,0x30,0x32,0x86,0x19,0x00,0x08,0x30,0x80,0x31,0x33,0x00,0xc4,0x00,0xc0,0x03,0x32,0x3c,0x10,0x00,0x08,0x20,0x00,0x1e,0xe3,0x01,0xc4,0x00,0x00,0x00,0x00,0x00,0x00,0x00,0x00,0x00,0x00,0x00,0x00,0x00,0x00,0x00,0x00,0x00,0x00,0x00,0x00,0x00,0x00,0x00,0x00,0x00,0x00,0x00,0x00,0x00,0x00,0x00,0x00,0x00,0x00,0x00,0x00,0x00,0x00,0x00,0x00,0x00,0x00,0x00,0x00,0x00,0x00,0x00,0x00,0x00,0x00,0x00,0x00,0x00,0x00,0x00,0x00,0x00,0x00,0x00,0x02,0x00,0x00,0x00,0x00,0x00,0x00,0x00,0x0f,0x00,0x00,0x00,0x00,0x00,0x02,0x00,0x00,0x00,0x00,0x00,0x00,0x80,0x31,0x00,0x00,0x00,0x00,0x00,0x7c,0x00,0x00,0x00,0x00,0x00,0x00,0x40,0xc0,0x00,0x00,0x00,0x00,0x00,0xc0,0x00,0x00,0x00,0x00,0x00,0x00,0x60,0x80,0x00,0x00,0x00,0x00,0x00,0x80,0x00,0x00,0x00,0x00,0x03,0x00,0x4c,0x00,0x00,0x00,0x00,0xc0,0xff,0xff,0x03,0xf0,0xfc,0xff,0x86,0xff,0xfb,0xff,0xff,0x7f,0x00,0x00,0x00,0x18,0x00,0x98,0x01,0x02,0x03,0x40,0xcc,0x0c,0x62,0x10,0x00,0xc0,0x78,0x7c,0x00,0x8c,0x81,0x0f,0x03,0x70,0xcc,0x30,0x82,0x11,0x00,0x80,0xc8,0x84,0x00,0x84,0x61,0x32,0x03,0x4e,0xcc,0xa0,0x03,0x1d,0x00,0x80,0x88,0x80,0x80,0x84,0x19,0x22,0x03,0x43,0xcc,0x60,0x02,0x13,0x00,0x00,0x81,0x80,0x80,0x98,0x19,0x22,0x03,0x43,0xcc,0x64,0x22,0x13,0x00,0x00,0x83,0xfc,0x80,0x80,0x61,0x3a,0x03,0x4c,0xcc,0x24,0x22,0x11,0x00,0x00,0xc6,0x38,0x80,0x81,0x81,0x02,0x03,0x50,0xcc,0x18,0xc2,0x10,0x00,0x00,0x7c,0xc0,0x00,0xff,0x01,0x03,0x03,0x60,0xcc,0x00,0x02,0x10,0x00,0x00,0x20,0x80,0x03,0x80,0x01,0x03,0x03,0x40,0xcc,0x00,0x02,0x10,0x00,0x00,0x20,0x00,0x01,0x00,0x00,0x00,0x00,0x00,0x00,0x00,0x00,0x00,0x00,0x00,0x3c,0x00,0x00,0x00,0x00,0x00,0x00,0x00,0x00,0x00,0x00,0x00,0x00,0x00,0xe6,0x00,0x00,0x00,0x00,0x00,0x00,0x00,0x00,0x00,0x00,0x00,0x00,0x00,0xb2,0x01,0x00,0x00,0x00,0x00,0x00,0x00,0x00,0x00,0x00,0x00,0x00,0x00,0x1c,0x01,0x00,0x00,0x00,0x00,0x00,0x00,0x00,0x00,0x00,0x00,0x00,0x00,0x00,0x00,0x00,0x00,0x00,0x00,0x00,0x00,0x00,0x00,0x00,0x00,0x00};
#define BN_PHRASE_41_W 110
#define BN_PHRASE_41_H 56
static const uint8_t bn_phrase_42[154] = {0x00,0x00,0x00,0x00,0x00,0x00,0x00,0x00,0x00,0x00,0x00,0x00,0x10,0x00,0x00,0x00,0x00,0x00,0x00,0x30,0x00,0x00,0x00,0x00,0x00,0x00,0xe0,0x07,0x00,0x00,0x00,0x00,0x00,0x00,0x04,0x00,0x00,0x00,0x00,0x00,0x00,0x04,0xf0,0xff,0x00,0x9e,0xff,0xff,0x1f,0x18,0x20,0x00,0x33,0x40,0x40,0x00,0x04,0x20,0x80,0x31,0xf0,0x41,0x00,0x06,0x27,0x80,0x30,0x4c,0x46,0x0e,0x82,0x28,0x90,0x30,0x43,0x44,0x08,0x82,0x30,0x10,0x33,0x43,0x44,0x08,0x82,0x21,0x10,0x30,0x4c,0x47,0x08,0x02,0x21,0x30,0x30,0x50,0x40,0x0c,0x06,0x20,0xe0,0x3f,0x60,0x40,0x06,0x3c,0x20,0x00,0x30,0x60,0xc0,0x03,0x00,0x00,0x00,0x00,0x00,0x00,0x02,0x00,0x00,0x00,0x00,0x00,0xc0,0x03,0x00,0x00,0x00,0x00,0x00,0x60,0x0e,0x00,0x00,0x00,0x00,0x00,0x20,0x1b,0x00,0x00,0x00,0x00,0x00,0xc0,0x11,0x00,0x00,0x00,0x00,0x00,0x00,0x00};
#define BN_PHRASE_42_W 54
#define BN_PHRASE_42_H 22
static const uint8_t bn_phrase_43[448] = {0x00,0x00,0x00,0x00,0x00,0x00,0x00,0x00,0x00,0x00,0x00,0x00,0x00,0x00,0x00,0x00,0x00,0x00,0x00,0x00,0x00,0x00,0x00,0x00,0x80,0x07,0x00,0x00,0x00,0x00,0x00,0x00,0x00,0x00,0x00,0x00,0x00,0x00,0xc0,0x18,0x00,0x00,0x00,0x00,0x00,0x00,0x00,0x00,0x00,0x00,0x00,0x00,0x20,0x60,0x00,0x00,0x00,0x00,0x00,0x00,0x00,0x00,0x00,0x00,0x00,0x00,0x30,0x40,0x00,0x00,0x00,0xc0,0x00,0x00,0x18,0x00,0x06,0x00,0x00,0x00,0x20,0x00,0x00,0x00,0xfe,0xbf,0xff,0xff,0xf7,0xff,0xfd,0xff,0xff,0x7f,0xf0,0xff,0xff,0x1f,0x00,0xc0,0x30,0x80,0x18,0x20,0x66,0x10,0x0c,0x00,0x60,0x06,0x18,0x04,0x66,0xc6,0x08,0x80,0x18,0x38,0x86,0x11,0x32,0x1e,0x60,0x86,0x60,0x04,0x24,0xc7,0x0c,0xff,0x18,0x27,0x06,0x1d,0x23,0x32,0x60,0xe6,0x41,0x07,0xe4,0xc5,0x84,0x98,0x98,0x21,0x06,0x13,0x21,0x22,0x60,0x9e,0xc0,0x04,0x0c,0xcc,0x84,0x88,0x98,0x21,0x26,0x13,0x41,0x20,0x60,0x8e,0xc8,0x04,0x08,0xcc,0x84,0x81,0x18,0x26,0x26,0x11,0xc1,0x20,0x60,0x86,0x48,0x04,0x18,0xc4,0x04,0x83,0x18,0x28,0xc6,0x10,0x81,0x31,0x60,0x80,0x30,0x04,0x30,0xc6,0x0c,0x80,0x18,0x30,0x06,0x10,0x03,0x1f,0x60,0x80,0x00,0x04,0xc0,0xc3,0x78,0x80,0x18,0x20,0x06,0x10,0x1e,0x00,0x60,0x80,0x00,0x04,0x00,0x00,0x00,0x00,0x00,0x00,0x00,0x00,0x00,0x00,0x00,0x00,0x00,0x00,0x00,0x00,0x00,0x00,0x00,0x00,0x00,0x00,0x00,0x00,0x00,0x00,0x00,0x00,0x00,0x00,0x00,0x00,0x00,0x00,0x00,0x00,0x00,0x00,0x00,0x00,0x00,0x00,0x00,0x00,0x00,0x00,0x00,0x00,0x00,0x00,0x00,0x00,0x00,0x00,0x00,0x00,0x00,0x00,0x00,0x00,0x00,0x00,0x60,0x00,0x00,0x00,0x00,0x00,0x00,0x00,0x00,0x00,0x00,0x00,0x00,0xfe,0xdf,0xfe,0xff,0x00,0x00,0x00,0x00,0x00,0x00,0x00,0x00,0x00,0x00,0x33,0x64,0x30,0x20,0x00,0x00,0x00,0x00,0x00,0x00,0x00,0x00,0x00,0x80,0x40,0x64,0x08,0x38,0x00,0x00,0x00,0x00,0x00,0x00,0x00,0x00,0x00,0xc0,0xc0,0x64,0x0c,0x27,0x00,0x00,0x00,0x00,0x00,0x00,0x00,0x00,0x00,0x40,0xe0,0x64,0x84,0x21,0x00,0x00,0x00,0x00,0x00,0x00,0x00,0x00,0x00,0x40,0x30,0x65,0x84,0x21,0x00,0x00,0x00,0x00,0x00,0x00,0x00,0x00,0x00,0x40,0x10,0x66,0x04,0x26,0x00,0x00,0x00,0x00,0x00,0x00,0x00,0x00,0x00,0x40,0x30,0x64,0x04,0x28,0x00,0x00,0x00,0x00,0x00,0x00,0x00,0x00,0x00,0xc0,0x60,0x64,0x0c,0x33,0x00,0x00,0x00,0x00,0x00,0x00,0x00,0x00,0x00,0x80,0x07,0x64,0x78,0x20,0x00,0x00,0x00,0x00,0x00,0x00,0x00,0x00,0x00,0x00,0x00,0x00,0x00,0x00,0x00,0x00,0x00,0x00,0x00};
#define BN_PHRASE_43_W 110
#define BN_PHRASE_43_H 32
static const uint8_t bn_phrase_44[171] = {0x00,0x00,0x00,0x00,0x00,0x00,0x00,0x00,0x00,0x00,0x1e,0x20,0x00,0xfc,0x00,0x00,0x00,0x00,0x00,0x63,0x60,0x00,0x86,0x03,0x00,0x00,0x00,0x8e,0x80,0xc1,0x1f,0x03,0x0c,0x00,0x00,0x07,0xc6,0x00,0x01,0x90,0x01,0x08,0x00,0x00,0x04,0x86,0x00,0x00,0x10,0x01,0x00,0x00,0x00,0x04,0xc6,0xff,0xff,0xff,0xff,0xff,0xff,0x7f,0x04,0x86,0x19,0x02,0x03,0x03,0x0e,0x00,0x02,0x04,0x86,0x21,0x32,0x23,0x1b,0x19,0x80,0x0f,0x04,0x86,0x61,0x22,0x33,0x93,0xe0,0x61,0x32,0x04,0x86,0x71,0x22,0x3a,0x93,0x9c,0x18,0x22,0x04,0x86,0x99,0x62,0x2e,0x23,0x97,0x18,0x22,0x04,0x86,0x09,0x43,0x60,0x63,0x90,0x60,0x3a,0x04,0x86,0x19,0xc2,0x20,0xc3,0x98,0x80,0x02,0x04,0x86,0x31,0x82,0x31,0x83,0x8f,0x00,0x03,0x04,0x86,0x01,0x02,0x1e,0x03,0x80,0x00,0x03,0x04,0x06,0x00,0x00,0x00,0x00,0x00,0x00,0x00,0x04,0x0e,0x00,0x00,0x00,0x00,0x00,0x00,0x00,0x07,0x00,0x00,0x00,0x00,0x00,0x00,0x00,0x00,0x00};
#define BN_PHRASE_44_W 68
#define BN_PHRASE_44_H 19
static const bn_phrase_t bn_phrases[45] = {
{"[মিউজিক]",BN_PHRASE_0_W,BN_PHRASE_0_H,bn_phrase_0},
{"একাশে তারা তুই একা গুনিস নে গুনতে দিস",BN_PHRASE_1_W,BN_PHRASE_1_H,bn_phrase_1},
{"তুই কিছু মোরে একাশে তারা তুই একা গুনিস",BN_PHRASE_2_W,BN_PHRASE_2_H,bn_phrase_2},
{"নে গুনতে দিস তুই কিছু মোরে ওরে সব ভালো",BN_PHRASE_3_W,BN_PHRASE_3_H,bn_phrase_3},
{"তুই একা বাসিস নে একটু",BN_PHRASE_4_W,BN_PHRASE_4_H,bn_phrase_4},
{"ভালোবাসতে দিস মোরে সব ভালো তুই একা বাসিস",BN_PHRASE_5_W,BN_PHRASE_5_H,bn_phrase_5},
{"নে একটু",BN_PHRASE_6_W,BN_PHRASE_6_H,bn_phrase_6},
{"ভালোবাসতে দিস মোরে পুরো যোছনা তুই একা",BN_PHRASE_7_W,BN_PHRASE_7_H,bn_phrase_7},
{"পোহাস নে সঙ্গে মিস রে তুই",BN_PHRASE_8_W,BN_PHRASE_8_H,bn_phrase_8},
{"মোরে পুরো যোছনা তুই একা অপহাস নে সঙ্গে",BN_PHRASE_9_W,BN_PHRASE_9_H,bn_phrase_9},
{"নিশ রে তুই মোরে মোরে সব ভালো তুই একা",BN_PHRASE_10_W,BN_PHRASE_10_H,bn_phrase_10},
{"বাসিস নে একটু",BN_PHRASE_11_W,BN_PHRASE_11_H,bn_phrase_11},
{"ভালোবাসতে দিস মোরে সব ভালো তুই একা বাসিস",BN_PHRASE_12_W,BN_PHRASE_12_H,bn_phrase_12},
{"নে একটু",BN_PHRASE_13_W,BN_PHRASE_13_H,bn_phrase_13},
{"ভালোবাসতে দিস মোরে",BN_PHRASE_14_W,BN_PHRASE_14_H,bn_phrase_14},
{"[মিউজিক]",BN_PHRASE_15_W,BN_PHRASE_15_H,bn_phrase_15},
{"[প্রশংসা]",BN_PHRASE_16_W,BN_PHRASE_16_H,bn_phrase_16},
{"[মিউজিক]",BN_PHRASE_17_W,BN_PHRASE_17_H,bn_phrase_17},
{"[প্রশংসা]",BN_PHRASE_18_W,BN_PHRASE_18_H,bn_phrase_18},
{"হৃদয় নয়ে জড়িবি যখন বই নিস রে তুই মোরে",BN_PHRASE_19_W,BN_PHRASE_19_H,bn_phrase_19},
{"ভাসবো না হই দুজন মিলে স্বপ্ন লোক চল",BN_PHRASE_20_W,BN_PHRASE_20_H,bn_phrase_20},
{"সুখের ঘরে মোর সব ভালো তুই একা বাসিস নে",BN_PHRASE_21_W,BN_PHRASE_21_H,bn_phrase_21},
{"একটু",BN_PHRASE_22_W,BN_PHRASE_22_H,bn_phrase_22},
{"ভালোবাসতে দিস মোরে সব ভালো তুই একা বাসিস",BN_PHRASE_23_W,BN_PHRASE_23_H,bn_phrase_23},
{"নে একটু",BN_PHRASE_24_W,BN_PHRASE_24_H,bn_phrase_24},
{"ভালোবাসতে দিস মোরে",BN_PHRASE_25_W,BN_PHRASE_25_H,bn_phrase_25},
{"[মিউজিক]",BN_PHRASE_26_W,BN_PHRASE_26_H,bn_phrase_26},
{"দুঃখের বোঝা বই যখন স্মরণ করিস রে তুই",BN_PHRASE_27_W,BN_PHRASE_27_H,bn_phrase_27},
{"মোরে আসবো ছুটে তোর কাছে যেখানে থাকি আমি",BN_PHRASE_28_W,BN_PHRASE_28_H,bn_phrase_28},
{"যতদূরে ওরে সব ভালো তুই একা বাসিস নে একটু",BN_PHRASE_29_W,BN_PHRASE_29_H,bn_phrase_29},
{"ভালোবাসতে দিস মোরে সব ভালো তুই একা বাসিস",BN_PHRASE_30_W,BN_PHRASE_30_H,bn_phrase_30},
{"নে একটু",BN_PHRASE_31_W,BN_PHRASE_31_H,bn_phrase_31},
{"ভালোবাসতে দিস মোরে একাশে তারা তুই একা",BN_PHRASE_32_W,BN_PHRASE_32_H,bn_phrase_32},
{"গুনিস নে গুনিতে দিস তুই কিছু মোরে একাশে",BN_PHRASE_33_W,BN_PHRASE_33_H,bn_phrase_33},
{"তারা তুই একা গুনিস নে গুনিতে দিস তুই",BN_PHRASE_34_W,BN_PHRASE_34_H,bn_phrase_34},
{"কিছু মোরে ওরে সব ভালো তুই তুই একা বাসিস",BN_PHRASE_35_W,BN_PHRASE_35_H,bn_phrase_35},
{"নে একটু",BN_PHRASE_36_W,BN_PHRASE_36_H,bn_phrase_36},
{"ভালোবাসতে দিস মোরে সব ভালো তুই একা বাসিস",BN_PHRASE_37_W,BN_PHRASE_37_H,bn_phrase_37},
{"নে একটু",BN_PHRASE_38_W,BN_PHRASE_38_H,bn_phrase_38},
{"ভালোবাসতে দিস মোরে সব ভালো তুই একা বাসিস",BN_PHRASE_39_W,BN_PHRASE_39_H,bn_phrase_39},
{"নে একটু",BN_PHRASE_40_W,BN_PHRASE_40_H,bn_phrase_40},
{"ভালোবাসতে দিস মোরে সব ভালো তুই একা বাসিস",BN_PHRASE_41_W,BN_PHRASE_41_H,bn_phrase_41},
{"নে একটু",BN_PHRASE_42_W,BN_PHRASE_42_H,bn_phrase_42},
{"ভালোবাসতে দিস মোরে",BN_PHRASE_43_W,BN_PHRASE_43_H,bn_phrase_43},
{"[মিউজিক]",BN_PHRASE_44_W,BN_PHRASE_44_H,bn_phrase_44},
};
#define BN_PHRASE_COUNT 45
